57.09202576,13.30037308,160.2429962,160.8539581,162.1251068,24.81847382,159.5634003,8.377165794,11.37225723,45.48612213,177.5709229,146.3069,145.6845398,146.7133179,119.4094925,27.46285057,8.672807693,11.64775562,12
57.09202576,13.48721027,158.8364105,160.0891724,161.2483521,24.89898682,160.7230682,8.319279671,11.51188946,44.92936707,171.2010651,145.7888947,146.0268555,146.8478394,124.4529419,22.46572876,8.577185631,12.03709126,12
57.96282959,12.36413002,158.9268188,160.2883606,161.4266968,25.00884247,160.4221649,8.255331039,11.58464527,44.21512222,173.4524231,146.0278015,145.8640747,146.7742767,122.6188889,23.9491291,8.601036072,12.02601624,12
59.04238129,12.91386795,158.2650299,159.7140045,160.8260193,25.61414528,161.2381897,8.205519676,11.68740654,44.36503983,172.3334198,145.3623657,145.3353729,146.317749,123.3302383,23.87010765,8.421470642,11.92487621,12
58.78251266,12.80872726,158.5831604,159.8832245,161.0108337,25.39558983,160.8831635,8.219912529,11.62191486,44.62465668,171.0702972,145.3859406,145.5176697,146.5142212,124.7827454,22.4993782,8.485935211,11.99907303,12
57.97220612,12.57202911,158.7367096,160.1080017,161.1488342,24.78103638,160.6123047,8.20886898,11.55017471,44.92523575,171.4041595,145.7565308,145.723877,146.7151031,124.5131149,22.52057457,8.581008911,12.03129292,12
58.63358688,12.13761806,158.4208984,159.9225922,160.9161835,24.68274879,160.4458008,8.264839172,11.58984756,46.7054863,171.4030457,145.2103882,145.3621216,146.2337036,124.9954529,22.9750309,8.451568604,11.92563629,12
58.36395645,12.54702759,158.5926819,159.9868164,160.9814911,24.74256134,160.6204529,8.18546772,11.54534721,47.15851593,172.7252197,145.0014496,145.1748657,145.9395599,124.0129395,24.47442245,8.382181168,11.829566,12
57.9484787,12.66731834,158.3723907,159.8717804,160.8930206,24.59799576,160.723526,8.219409943,11.57493114,45.60290527,172.6819458,146.599472,146.2930145,147.106369,124.2901917,22.81599236,8.683489799,11.82071686,12
58.45567322,12.24082756,158.7022095,160.0180664,161.0351257,24.43820953,160.256897,8.144205093,11.4590292,45.71749878,173.5843201,145.798172,145.4119568,146.2940216,122.9568176,24.39572144,8.452568054,11.66798592,12
57.05606842,14.01880455,156.8782959,158.4619141,159.5332184,19.04241943,158.0391846,8.092743874,11.45598698,50.89461517,169.538559,147.4015961,147.8136292,148.3933563,129.1309204,17.82285881,8.995602608,12.39929581,12
57.03676224,13.78501034,156.9732513,158.1053314,159.3222656,19.87329292,158.0924072,8.184220314,11.3769846,49.21772766,171.4003601,145.5174561,145.4315186,146.3509827,126.0934448,22.34583092,8.37259388,11.77747631,12
58.43371582,14.00750732,156.848999,158.254715,159.5132446,20.32559967,158.32901,8.1089077,11.5528183,49.14011002,171.6378479,147.448761,147.4554749,148.1067505,127.8195038,19.56858253,8.949597359,12.53762341,12
58.89031982,14.04991341,156.5518646,157.9938965,159.2251129,20.46253586,158.6033478,8.083932877,11.56716728,49.85612488,169.3153992,145.8716736,146.3831024,147.2247009,128.7328491,19.61786079,8.656757355,12.181427,12
59.81593323,13.41686249,157.170929,158.5809021,159.9696808,21.12022591,158.4571075,8.130959511,11.55003834,50.37879562,170.5651245,144.0434265,144.4253693,145.2620392,125.8588562,23.24079704,8.130234718,11.68093109,12
57.49137497,13.86886215,157.5143433,158.7426758,159.9571381,20.8594017,158.3475342,8.212718964,11.49342728,47.32235336,167.6596527,145.4648895,145.8154755,146.7217407,130.0460663,18.92136383,8.31656456,11.77444839,12
57.78781891,13.8950243,157.3543396,158.6135101,159.6639709,21.00813103,158.6642303,8.101860046,11.41906261,45.63394165,170.5644684,146.2573547,146.1345062,147.0265656,126.5288391,21.12006187,8.400154114,11.70716476,12
57.98210144,14.00747871,156.7783966,158.172821,159.3395996,20.63704491,158.7552338,8.12412262,11.5188179,52.27782059,171.526886,145.3969727,145.5975494,146.3200531,125.502861,22.63210487,8.693820953,12.1273489,12
60.22310638,13.42383766,156.3445892,158.0421295,159.367691,21.61482811,159.2062378,7.989718437,11.55771065,49.93196487,171.0591888,144.5967865,144.8377075,145.6387177,124.8108444,23.64886856,8.367808342,11.62315178,12
60.82115936,13.9921627,156.6952515,158.1941223,159.4937286,22.02346992,159.3204346,8.108617783,11.68126869,49.28362274,170.587616,145.2272186,145.6512299,146.2174988,125.9232101,22.31775093,8.526040077,11.87804508,12
44.13740921,28.91727448,151.6605988,152.1111298,153.0085602,3.830627918,148.8128204,8.216877937,10.59841537,10.15477943,12.91680145,10.35685349,7.124968529,12.47419071,31.96582794,7.624213696,9.661005974,15.62029934,13
43.97159576,29.28553581,151.7995605,151.9807587,152.895401,4.106560707,148.3075104,8.211595535,10.51346493,9.316944122,15.31055832,14.6913166,9.943582535,12.80677032,31.63077927,7.029813766,9.988358498,16.28681183,13
43.47270203,28.77759361,151.5255432,151.8248901,152.7810211,3.813464403,148.7833862,8.168972969,10.3793211,9.785987854,16.9562645,15.78884792,11.10198593,13.69870853,31.17161369,6.835321903,9.974230766,16.12229156,13
43.52991486,28.64047432,151.6150513,152.021637,153.0107117,3.825307608,148.9880524,8.154202461,10.25863934,9.264206886,18.24808502,16.18151283,10.93304443,13.63408279,30.79187775,7.12761116,10.21374702,16.1048317,13
42.32453918,28.54134369,152.3021393,152.3207855,153.2538452,2.708554983,148.9509583,8.260799408,10.26789665,10.28074455,17.56993866,13.86837769,8.636312485,12.78905582,31.67513466,7.450349808,10.38195515,16.47320938,13
42.45232773,28.45556831,151.9636536,152.5595245,153.4351654,2.688971758,148.9605865,8.362926483,10.54725075,9.371944427,14.7557745,10.74720764,6.263596058,11.79399681,31.74789619,7.842575073,10.14644623,16.07554054,13
42.16049576,25.8664856,152.3473206,152.8406067,153.8021851,0.735418737,150.5997162,8.340565681,10.17242908,8.507154465,18.00506592,12.88847828,7.312844276,10.97775269,30.64331245,7.984827995,10.61539173,16.25269508,13
41.8429451,28.23702431,151.9603271,152.3115387,153.1800385,1.877948046,149.3006134,8.192276955,10.36900425,9.883338928,16.21054268,12.84168053,7.068217278,10.87136364,31.6432476,7.408779621,10.7685585,16.6683445,13
41.89897919,28.43492699,152.0824585,152.5064392,153.5469513,1.921015382,149.1622314,8.306382179,10.43953991,9.929848671,16.41182137,13.79929161,8.207265854,11.40007305,31.70337677,7.166396618,10.54898548,16.63045311,13
42.12409973,27.43948555,152.5276184,152.8962555,153.8731232,0.653419971,149.8874359,8.299263954,10.36427784,9.851294518,16.58842278,13.8569603,8.298388481,11.56302738,31.65516281,7.167326927,10.51548576,16.46980286,13
56.47571564,10.34917641,152.6090698,155.4089355,156.0347748,22.72523308,162.397049,8.968347549,12.10022068,8.152517319,15.5536623,9.341549873,5.357341766,9.710474014,35.03029633,9.151779175,10.45503998,15.68058205,13
56.10270691,10.14522552,152.3972931,155.704895,156.2812805,22.98319244,164.3632965,9.029654503,11.91945457,8.706464767,16.61340523,9.575220108,5.195048332,9.833292961,34.94959641,9.717941284,10.59561157,15.74601555,13
56.06755829,10.43839073,152.2185516,155.5549316,156.1445618,23.25686264,164.5696869,8.925724983,11.87719917,9.402723312,15.34331131,9.341527939,4.892006874,9.444854736,35.15916443,9.140132904,10.62591648,15.98310471,13
56.53583145,10.20642567,152.1442566,155.3263245,156.0166168,23.979105,164.7559814,8.775568008,11.84142113,9.292251587,15.17184258,9.11712265,4.605045319,9.203467369,35.09470367,9.228798866,10.52672672,15.89926052,13
56.68154144,9.821688652,152.3925018,155.3897552,156.1289978,24.17610359,164.3089294,8.808701515,11.9925499,9.081967354,16.59126854,10.61496449,5.920695305,10.08459377,34.71359253,9.121109009,10.48050976,15.78465366,13
56.82342148,9.442773819,153.0453644,155.7725067,156.5444641,24.25497818,164.9535828,8.853215218,12.06917858,9.179264069,16.15045547,11.04034519,6.231272697,10.70557404,34.53567123,8.768827438,10.57986927,16.05051041,13
57.02507019,9.487547874,153.1166534,155.7539368,156.5178223,24.2584095,164.5284424,8.875819206,12.06966877,8.048373222,17.94684982,13.11816216,7.657244682,11.79762173,33.23288727,8.61554718,10.87976074,16.06733894,13
57.0066452,10.74174881,152.2062073,155.1223755,155.7316437,23.21223831,163.3301239,8.87015152,12.08680534,7.780991554,17.46032333,12.80009747,7.498418808,11.32724285,33.5996933,8.338281631,10.62335968,15.87503242,13
56.52653122,11.01556492,152.0661926,155.0399323,155.6993561,22.60855675,161.8638458,8.909378052,12.07394695,8.118103027,15.63584137,10.15648365,6.462169647,11.08837509,34.22676849,8.987342834,9.86742878,14.96363449,13
56.56494141,11.14175034,152.1154785,155.0657654,155.6994019,22.67684555,162.3070984,8.804664612,11.9099102,7.801648617,17.06350327,11.61336803,7.476562023,11.87598801,33.41630936,9.037680626,10.23014259,15.03456116,13
57.24119949,11.02790833,11.22717571,171.1308289,170.6127777,45.97255707,16.11136818,142.0682373,10.54683971,37.96189499,169.2311859,155.6633606,152.5672913,153.174942,110.7619934,29.328022,9.698013306,11.74480629,14
57.0015564,10.49488163,10.85295105,171.3130341,170.7722015,45.96669769,15.99313545,142.2558899,10.51198578,37.99151611,171.0811005,155.5969238,152.5683899,153.1772003,112.6051331,27.89559746,9.643958092,11.66574001,14
57.42270279,10.97445297,12.04277229,171.085556,170.791626,46.25377655,16.21660805,141.4282379,10.55834484,39.55016708,175.7347717,154.1944733,151.909256,152.9620972,118.5072784,24.97109985,9.453030586,11.90260887,14
58.04076004,9.860113144,10.68641853,171.6028137,171.1575928,46.12772751,15.48898315,143.5962067,10.68571854,36.67425537,172.4441986,154.3861237,151.2209778,152.3368073,114.2624588,28.01680946,9.531804085,11.56611156,14
57.04553986,9.732113838,12.08525658,171.5598907,171.0631409,45.92750931,15.86100674,142.4088593,10.65257072,37.56111908,172.9440308,155.1355743,152.089447,153.0229187,114.5222626,26.67768097,9.766036034,11.81581497,14
57.03796387,10.99402523,12.21368885,171.2888489,170.885849,45.48711014,15.82117176,142.1335754,10.61550236,40.47526169,176.6377258,155.5940552,152.9464417,153.9634552,117.9232025,23.13284492,9.71601963,11.51900482,14
57.78396606,11.47358036,11.53565025,171.0898438,170.6855927,45.90322876,15.57476425,143.1462708,10.67241383,40.35644531,174.6382294,156.099823,153.2118988,154.1125793,116.2724762,24.0134182,9.766861916,11.6681385,14
57.91576767,11.10831547,10.9434824,170.5849609,170.3512268,45.40763855,15.69605446,142.2529297,10.47243404,41.31824493,177.623642,152.5124817,151.1822052,152.6330261,120.7190933,23.40407181,9.386780739,11.99777508,14
57.788311,11.5116663,13.53096676,170.371521,170.0384216,45.14834595,16.23695755,141.0817261,10.76832104,38.70332336,176.5791473,153.9683838,151.7610474,153.1154022,117.2935944,24.81285858,9.577046394,11.58058071,14
57.43753815,10.5654068,13.29526615,171.1618805,170.6600647,45.58885193,16.06389427,140.3538361,10.80676556,38.9931221,172.2282104,155.4745941,152.6416168,153.184433,113.3933334,26.74140549,9.621406555,11.72193241,14
57.52597427,11.50903034,11.68290424,171.034256,170.7132416,45.67462158,16.13150024,141.5753784,10.71863651,38.13050842,170.4514008,155.4505005,152.3823853,153.010788,111.6905594,28.72759056,9.675647736,11.65918446,14
57.24119949,11.02790833,11.22717571,171.1308289,170.6127777,45.97255707,16.11136818,142.0682373,10.54683971,37.96189499,169.2311859,155.6633606,152.5672913,153.174942,110.7619934,29.328022,9.698013306,11.74480629,14
57.0015564,10.49488163,10.85295105,171.3130341,170.7722015,45.96669769,15.99313545,142.2558899,10.51198578,37.99151611,171.0811005,155.5969238,152.5683899,153.1772003,112.6051331,27.89559746,9.643958092,11.66574001,14
57.42270279,10.97445297,12.04277229,171.085556,170.791626,46.25377655,16.21660805,141.4282379,10.55834484,39.55016708,175.7347717,154.1944733,151.909256,152.9620972,118.5072784,24.97109985,9.453030586,11.90260887,14
58.04076004,9.860113144,10.68641853,171.6028137,171.1575928,46.12772751,15.48898315,143.5962067,10.68571854,36.67425537,172.4441986,154.3861237,151.2209778,152.3368073,114.2624588,28.01680946,9.531804085,11.56611156,14
57.04553986,9.732113838,12.08525658,171.5598907,171.0631409,45.92750931,15.86100674,142.4088593,10.65257072,37.56111908,172.9440308,155.1355743,152.089447,153.0229187,114.5222626,26.67768097,9.766036034,11.81581497,14
57.03796387,10.99402523,12.21368885,171.2888489,170.885849,45.48711014,15.82117176,142.1335754,10.61550236,40.47526169,176.6377258,155.5940552,152.9464417,153.9634552,117.9232025,23.13284492,9.71601963,11.51900482,14
57.78396606,11.47358036,11.53565025,171.0898438,170.6855927,45.90322876,15.57476425,143.1462708,10.67241383,40.35644531,174.6382294,156.099823,153.2118988,154.1125793,116.2724762,24.0134182,9.766861916,11.6681385,14
57.91576767,11.10831547,10.9434824,170.5849609,170.3512268,45.40763855,15.69605446,142.2529297,10.47243404,41.31824493,177.623642,152.5124817,151.1822052,152.6330261,120.7190933,23.40407181,9.386780739,11.99777508,14
57.41191101,11.55351734,12.81856632,170.0852356,169.6072388,45.03128052,15.94539547,142.3041687,10.59533215,37.967453,172.4702148,155.2381897,152.3076019,153.4031372,115.0721283,26.07884407,9.673208237,11.54278755,14
63.66640472,11.2855587,3.718100786,173.1189728,173.0012054,48.72164917,16.52010155,149.1165466,11.22470284,7.872701168,18.14425468,10.51973248,7.196392059,13.95078945,31.01107025,11.48998165,11.23701286,16.4861393,15
62.68720627,10.14993572,4.183760166,173.6428223,173.6957092,48.52989197,16.10673904,147.3721466,11.08869362,7.425603867,21.34695625,11.80755615,8.23883152,14.55895615,29.76047134,11.96604252,11.51423264,16.46821022,15
62.29663086,9.141251564,3.43832016,173.8538361,173.8316803,48.62080383,15.80950546,147.7372894,11.01765537,7.864643097,21.79807091,11.55327797,7.864144802,14.49217033,29.73140717,12.07517147,11.51939869,16.36593628,15
62.35736465,9.475315094,3.537730694,173.7314606,173.6433105,48.16344833,15.61880112,148.1741943,11.04687023,8.326405525,21.91321754,11.35074329,7.71164465,14.27851391,29.42803955,12.53847218,11.43437004,16.20961189,15
62.42309189,9.200860977,3.262428045,173.6907043,173.5175171,47.54332352,14.91404724,148.104126,10.99613857,7.91313839,22.84178162,11.73120785,8.255022049,14.71657085,29.09182739,12.60498238,11.31208801,16.18917084,15
62.56145859,9.698540688,2.023617268,173.3853912,173.3033142,47.17251587,15.15156364,148.4016266,11.14402962,8.194865227,23.43063164,12.09070206,8.575995445,15.34420204,28.733778,12.75059986,11.34723759,16.3653183,15
62.71989059,12.64889717,2.976311445,172.3832245,172.4294586,47.69897842,16.27799416,148.4213104,11.39471531,7.808865547,23.0254612,11.82861614,7.663214207,13.729146,28.32953262,12.58540535,11.84729481,16.70508385,15
62.99569321,14.31351948,3.007846832,171.5693512,171.5909882,48.1975708,17.17559624,148.5480652,11.53908253,7.973485947,23.11958504,12.26784229,8.018364906,14.26241589,28.41979599,12.50760269,11.85524368,16.84948349,15
63.10749817,13.45356369,4.140186787,171.750824,171.6430359,48.72213364,16.82953644,148.9005127,11.48003387,8.215229034,24.02198219,12.47569275,8.918128014,15.51379967,28.49731827,12.75360107,11.37637806,16.48168564,15
63.48636246,10.15714264,6.323256016,172.5571899,172.4004059,48.55645752,16.17870712,146.084549,11.21476841,8.618008614,18.96263504,13.75829792,10.66394615,16.3315773,28.72826576,10.37336731,11.36002254,16.38272667,15
62.07688141,9.177166939,2.726490736,173.5122681,173.3026733,48.1697731,15.81717587,147.5811768,11.18861008,8.601538658,17.77313995,12.21357632,9.126815796,14.64674568,28.49248695,10.79896736,11.26131058,16.11841774,15
63.44182968,8.358933449,2.965043068,174.3335724,173.9265747,48.96759415,15.24201775,148.0977325,11.09080696,7.804314613,17.29797935,12.22395134,9.474340439,15.31164455,29.42985344,10.01939964,10.98042488,16.05069733,15
63.54676819,9.153581619,7.013079166,173.3478546,172.9191284,48.59732056,14.88319206,145.6264343,11.0691452,8.42051506,16.85598564,12.55678558,9.375278473,14.9117775,28.99600983,9.46913147,11.62740612,16.74024963,15
62.69229507,8.397863388,2.753423691,173.8347015,173.860672,47.95277023,14.95675468,146.0639038,11.02367687,7.827694416,22.52932739,14.61498737,11.43442154,17.0730896,27.70918274,11.77344418,11.60476303,16.34536934,15
62.51090622,9.735184669,6.270416737,173.0601349,173.0360413,47.8889122,14.90803528,145.0991211,11.20218849,8.207769394,19.44793892,14.1029892,10.61277771,15.80060196,28.55529213,10.09215832,11.44446087,16.40673256,15
62.42644501,9.44004631,5.674575329,173.3970337,173.2978058,48.62863541,15.12035656,145.6620483,11.12374401,7.138942242,24.53864288,16.73476028,12.46854591,17.17399979,28.34751701,10.68391418,11.4369545,16.41067314,15
62.64675903,11.12894726,3.336949587,173.1267548,173.2285004,47.85659027,15.28539562,146.1822052,11.27955437,6.238096714,24.51634026,17.02575302,12.88979435,17.29470634,27.59605408,10.53894424,11.41217899,16.25698853,15
62.39337921,12.21656227,3.13287878,172.4143982,172.5984039,47.90270996,16.15769768,146.8381958,11.44726563,7.890707493,20.73100471,15.25270367,11.69985867,16.63573837,28.34818077,10.1791954,11.3030653,16.24080467,15
63.08720398,13.02937412,3.252451181,172.3135681,172.440506,48.62095642,16.69625282,147.3694916,11.454422,8.665125847,17.98113251,12.17291069,9.222067833,15.10538483,28.9486866,10.6112566,11.4767561,16.46438026,15
63.08400726,12.8573904,3.845678091,171.4471588,171.3403778,48.44776154,16.88612175,148.7834625,11.4145422,8.238737106,24.53972626,12.56584644,8.605008125,14.90184879,28.33582115,12.94262695,11.56807041,16.59223747,15
2.597666979,32.29909134,36.13710403,175.9799347,176.5638885,26.01510811,8.379463196,121.2145844,10.99533176,22.70140457,174.1333466,151.4513855,149.4871063,149.5171356,131.6794739,17.43612099,8.931710243,10.32963467,16
2.581794977,33.88592529,36.21801758,176.3019562,177.0972595,26.05600929,8.100114822,122.115242,10.93504333,22.01497078,175.7961578,151.8548737,149.5440521,149.607605,130.375351,18.37686157,8.953591347,10.30440712,16
2.630761623,33.72712326,34.80058289,175.5766754,176.0094757,26.28980446,8.150758743,121.2981567,10.82481956,21.23106575,176.7769928,152.3963165,149.70961,149.7844238,129.6352386,18.82533264,8.966090202,10.31753445,16
1.619308233,31.05612755,36.14741898,176.1183777,177.3817596,26.2582798,7.456404686,120.562149,10.89803886,22.30782318,175.7843323,152.1881561,149.7898254,149.8153687,130.7640076,17.96228218,9.020075798,10.53743172,16
0.839301169,26.10547638,38.19247055,176.4426727,177.1039581,29.89328575,9.069475174,127.387558,11.53609467,31.76518631,178.7699585,152.1107788,149.3457642,149.6231689,122.9120102,23.63870811,8.839757919,10.02803326,16
0.914929628,26.46064758,38.25733185,176.668045,177.1628876,29.92405891,8.861199379,127.4382019,11.60352421,33.85441971,178.4604797,151.4294891,148.9803925,149.427124,123.3047333,24.03481483,8.640133858,9.986014366,16
1.589423776,27.72709846,39.61735916,175.473587,176.655777,30.67832565,8.252809525,126.3046188,9.483921051,33.25318527,178.4270325,151.2901154,148.9085083,149.2608643,122.7876053,24.41568947,8.57276535,9.98975563,16
1.503110528,28.18135071,40.27860641,175.4499359,177.0904694,30.62178993,8.028079033,126.5229645,10.30631638,32.70904922,178.5834808,151.5402222,149.2792969,149.6264801,124.0104141,23.50207138,8.731359482,10.24741554,16
0.743358076,27.61421394,40.89745331,174.7462463,177.3537292,30.48190308,8.699738503,124.5613098,9.827713013,30.27398682,176.2929077,151.7234344,148.8777161,149.2344208,120.838707,26.46339226,8.587095261,10.12634373,16
0.034264021,25.5002327,39.35060883,176.642746,177.477951,29.88637733,9.056162834,126.8177719,11.48415184,29.98544121,176.9421234,151.9711304,149.3006592,149.5668793,122.0001526,25.46487808,8.749114037,10.48364544,16
0.487787604,30.82158661,43.14030075,176.6393127,176.9634552,30.3766346,7.665774822,124.6126175,11.03611755,30.42033958,178.1270599,152.0018768,149.4577789,149.6152649,122.4669037,24.17620468,8.85046196,10.38229656,16
0.752774835,33.81737518,43.59899902,175.7193909,176.7516937,31.31885529,6.124807358,123.1158524,9.821668625,29.60244179,176.1269684,152.2106934,149.2602844,149.4752502,120.5802917,25.79427528,8.791781425,10.12410927,16
0.194833562,30.57555008,39.26147842,176.0764465,177.7310791,30.98421288,6.383742809,126.6018829,10.38752556,29.08269501,168.5632782,153.9813232,150.0241394,150.2327728,116.4237137,29.45739937,9.030285835,9.790327072,16
0.110143431,28.73221016,37.9444809,174.9811859,178.143631,30.8835907,7.367108345,125.7720871,10.83021927,29.4233036,170.3964691,152.9855804,149.2935944,149.459259,117.5205078,28.87275505,8.961948395,9.79362011,16
0.135620922,31.16812897,36.00388718,176.5806885,178.6576691,25.92712593,7.614375114,122.9603424,10.55605316,23.6762085,169.4141693,151.5846405,149.9084015,149.9604645,135.3249969,14.05764866,9.018072128,10.98990536,16
0,31.74744225,36.56993484,176.5870514,178.7973175,25.81227875,7.237142563,122.3827286,10.10444832,24.61235619,168.9594269,151.2658844,149.5296478,149.7408905,134.9423828,14.20225525,9.030895233,10.88101006,16
0.776573062,34.15089798,39.12813568,176.0964508,178.214035,25.85264206,6.738367558,119.699501,10.02797413,25.8255558,165.3503571,150.5105896,149.7260132,149.7466431,139.1087646,11.95536518,9.175110817,11.40423584,16
0.200768933,32.3764267,38.46599579,176.3612518,178.0283051,25.17884827,7.395498276,121.6423187,10.17347336,23.81558228,166.3078918,150.4883881,149.3318481,149.3480988,137.9616547,12.92214775,9.171319008,11.44289398,16
0.23656255,32.82080078,37.36676407,176.5146179,178.4202118,25.77354813,7.417037964,120.0802307,10.22337246,22.72293472,170.2273865,151.9000092,150.2322083,149.9499512,134.8593292,14.65750694,9.179757118,10.84030151,16
0.22899729,33.11884308,38.74444199,176.1893616,177.0936279,26.33325005,7.026436329,121.45327,10.72440147,21.48324394,173.5451965,152.3738861,150.0088501,149.8674011,131.8206787,16.64798546,9.130711555,10.63754082,16
1.508049726,14.26029491,35.7001915,176.0298004,179.2194061,33.28595734,15.04458904,119.1112976,9.019748688,4.940900326,37.25206375,29.53113556,22.38747215,19.11521149,26.76727486,9.569860458,10.17936897,14.30807495,17
1.694890022,17.58691216,37.7206955,176.9446259,177.7731323,33.21701813,14.16068745,117.8717575,9.018550873,7.852404594,43.21689224,26.62730408,16.84957695,16.37223816,26.42073441,15.0585947,11.27976322,13.22363186,17
0.639190257,23.62212181,40.60406876,177.016922,175.2116852,34.72418213,11.74849606,118.9636993,8.329823494,2.7429533,33.06159592,19.40351868,12.90928364,14.49236012,25.91881943,14.92195511,10.48454571,13.52467442,17
1.060724974,22.12218285,37.62675095,176.5235596,173.9231873,32.99583817,11.29724407,124.6076202,9.190774918,6.491204262,27.47918129,16.92920494,10.73515034,12.90143871,27.7987709,12.67805862,10.89964676,14.86220932,17
4.480214119,21.93248367,35.972229,177.222641,177.7857361,31.875494,10.4955759,120.531105,9.283004761,2.349437237,32.43585205,20.84894753,15.5515976,17.20279884,27.53395081,13.31120491,9.769598961,12.62245083,17
7.771803856,18.81938362,35.35675812,176.7196808,178.7091064,38.3568573,11.23071957,123.0487671,6.675470352,5.261123657,19.30563545,5.862204552,1.175531149,1.931885481,30.04304314,15.45808411,10.88156986,12.66762924,17
8.880046844,25.83254814,29.80771255,167.9884186,175.6009064,42.34688568,5.807043552,121.3886871,9.797615051,6.290209293,11.43690205,3.045875311,2.594575882,2.159667253,30.8225193,12.78407192,9.512335777,12.30586052,17
10.42484856,24.57555389,28.16272545,170.143631,174.1544342,41.95246887,6.184627056,124.319313,10.94621754,6.756215096,12.61890221,3.905451298,1.980013251,2.151768684,31.30732918,12.53069878,9.797293663,12.66276932,17
10.7048378,24.22537422,32.24134064,168.9935303,174.8663788,40.50694275,6.727706909,122.4641647,11.00113297,7.086760521,15.23574066,4.903726578,1.499982595,2.271416426,31.12897873,13.3497448,10.29537296,12.88495541,17
11.17261696,26.08245468,31.31334305,168.8426514,175.3178406,41.45882416,6.254198551,121.7097626,9.2127285,7.188946247,13.39663982,4.708024979,1.205771685,2.115628719,31.39793396,12.42649555,9.782370567,12.66737938,17
11.71655273,27.27136421,28.19763184,169.5319214,174.1234894,42.02203751,6.386014938,121.683548,8.315548897,7.252118587,12.13315105,4.922587395,0.357727438,2.822234631,31.53715134,11.96548271,9.272200584,12.37331295,17
10.12954807,27.84281921,32.75212097,165.6196442,172.1188965,39.32047653,6.762076378,119.7998047,10.72919083,5.72255373,12.44809246,6.01783371,1.304613113,4.860025406,31.34809494,11.06359386,9.188936234,12.12408066,17
10.27599812,26.27197266,30.14485741,169.2976379,171.756134,39.41262436,7.085874081,122.9540329,11.33674908,6.253602982,15.92880344,7.900129318,3.104127407,7.112374306,30.93910027,11.63258934,9.387158394,12.57400608,17
10.5360117,26.19103622,28.94173813,169.25383,170.1702728,39.82862854,6.792895317,121.1148071,9.785667419,6.453697681,18.50297928,10.96844196,5.762521744,8.663063049,31.12161255,10.53810406,9.479318619,12.32075214,17
9.843366623,25.38179588,31.48147774,166.9875031,169.5068359,38.70181274,6.739677429,119.421608,10.73452759,6.241270065,20.3012619,10.73674583,5.248072147,8.38609314,30.55038261,11.93546581,9.629759789,12.33535671,17
1.999977708,27.11195946,34.84329605,173.7956696,174.1824341,33.2489357,7.932562828,125.9262238,9.973875999,0.887352109,36.03364944,28.75755501,22.36612129,20.81253052,27.82667732,9.5847826,9.994203568,13.88411236,17
8.441199303,31.3339901,33.71552277,174.0787659,172.8699951,31.1427002,5.399205685,127.8519058,9.971627235,1.071919203,42.59057617,27.41555214,20.50626564,20.75746346,28.72619057,14.35178757,9.999574661,13.0244503,17
8.503482819,30.50774002,34.59103394,174.7618561,173.7210541,30.72693443,6.164942265,126.684761,9.837052345,0.457140237,43.03411484,25.0376091,18.09742355,19.33844566,28.81879807,16.01943016,10.2172699,12.51860428,17
9.712841988,28.25595856,34.3366127,172.1504211,171.3627014,29.80287361,8.665466309,128.9432068,9.61085701,0.276245594,38.7953949,24.17887306,17.5709343,18.51694107,27.80521202,13.34640217,10.40777302,13.31821918,17
7.271059036,27.85898972,33.78641891,171.6760864,171.2988129,28.56180763,9.067741394,129.7380066,10.25171375,0.331612915,43.71076584,28.4421196,20.25197983,20.34639359,29.18622017,13.92130947,11.28452873,13.57922554,17
54.38372421,25.17027283,30.30132484,29.46352959,32.92049789,34.03572464,9.082444191,7.01372242,7.939389706,33.04801178,170.0502014,155.0350952,152.9396515,153.2075653,112.8842163,30.12816238,8.811867714,10.66964626,18
52.4577713,20.93869019,28.85977554,24.64586449,28.00818634,36.01368332,12.01745701,8.221632004,8.064869881,35.02607346,169.2312469,155.1270142,153.0380554,153.1053009,110.2906799,31.69197083,8.954161644,10.78236866,18
52.11798477,23.43882561,30.72220039,26.8935051,30.52121162,35.34691238,11.49774551,7.819415569,8.125669479,34.36507034,172.7537994,155.8385315,153.781723,153.7053986,114.4544296,27.57880592,8.995863914,10.80000687,18
50.28673172,24.17168617,31.68832397,27.84263611,31.64850616,33.2330246,10.74336147,7.482857704,7.809871197,34.49219131,173.6829071,154.1005859,152.3821564,152.5802917,115.0210266,28.61910629,8.781363487,10.94630718,18
49.17457581,25.58006668,32.2922554,28.72956085,34.57164383,33.19889069,11.09943199,7.508069992,7.481678009,35.1027832,170.0522308,152.5892792,150.9268799,151.2242432,110.3697586,33.49487686,8.503297806,10.58431244,18
50.62602234,24.55389977,32.99486923,28.48795509,31.71307373,33.37477112,11.02605152,8.132552147,8.410130501,35.2979126,167.9934082,154.0183868,152.3040466,152.5157623,109.2644348,33.52380371,8.608705521,10.81899929,18
51.12939453,23.615345,30.47749519,27.75359154,31.88260078,32.79654312,10.51408195,7.286692142,7.64909029,35.80020142,166.6573792,155.6016846,153.7690277,153.9291534,107.9878159,33.09005356,8.836133957,10.61780071,18
51.0318718,23.77288818,30.1272831,26.1517086,30.24494171,33.99708176,10.29800892,8.03460598,7.974987507,34.0062294,163.9891052,155.6905518,153.5835266,153.7014923,106.5870056,34.8266449,8.613289833,10.09418488,18
54.18828201,27.54051208,28.04417801,28.58287239,32.31485748,33.55924606,6.785037518,7.045172215,7.834110737,38.80489731,172.7335205,154.974472,152.7144318,152.7269897,113.8440933,28.54656219,8.486837387,10.29628944,18
53.17309952,29.5725193,32.14216995,30.83883286,34.37110138,32.82201385,6.751946449,6.610107899,7.677363873,37.9030304,175.2926331,153.6070404,151.4017792,151.4042816,115.8693237,28.01763916,8.534811974,10.49454403,18
53.33628845,26.82347107,30.43026161,27.55207634,31.83951378,34.38155746,7.669409275,7.540278435,7.80532074,43.93437958,178.9411163,152.6309967,151.550293,150.7632446,121.1315842,24.54984665,8.568800926,10.89650345,18
53.883564,28.24297905,29.67601395,26.9590416,31.51372337,34.42324829,7.244404316,7.735911369,8.049106598,42.98938751,179.342392,152.7734528,151.8203278,151.1109161,120.7145462,25.20598984,8.536836624,10.72680473,18
52.35438156,29.20538902,34.33995819,31.55136108,35.6725235,35.50069427,8.476209641,7.591557026,7.535749435,42.3541832,179.0012207,152.3829803,151.2882233,150.5712891,121.0183105,25.50782204,8.404851913,10.70564747,18
53.72548294,28.23225403,29.82542419,26.68514824,31.7825489,33.14576721,7.271409035,7.646395683,7.843776226,41.19594955,178.8074341,152.6507111,151.2789612,150.8001862,118.996727,25.93712234,8.32612133,10.71434021,18
51.99904251,30.87266541,33.99959946,31.18299866,35.17382431,33.32972336,7.890209675,7.086317062,7.449295998,37.66130447,173.628067,154.9823761,153.0894318,153.2351227,113.3625107,28.04090691,8.421191216,10.30341434,18
52.15570831,27.70326805,30.12011528,29.47942734,33.34503555,33.45435333,7.905593872,6.748924732,7.704693317,37.83075333,175.6105804,154.3364716,152.5717163,152.6499481,114.5420532,27.1088028,8.424757957,10.32784462,18
52.80573273,25.94691849,26.43163109,27.72305298,33.16963959,32.86708832,7.617802143,7.015903473,7.60968256,40.13159561,178.2493286,153.4108124,152.1763611,152.0257721,117.0351486,26.29752922,8.281358719,10.39468288,18
52.48004913,27.71513748,29.12329102,27.83330536,32.18794632,34.42790604,8.443758011,7.129427433,7.670816422,36.54061508,165.7696228,156.1125031,153.5350037,153.7247009,107.0561066,32.37729645,8.582359314,10.36008263,18
51.6366806,24.21480179,30.62953186,26.687994,30.08880234,34.36513138,9.611021042,7.92684412,8.463224411,34.81254959,166.0346222,153.7056427,151.838028,151.9904785,108.5225677,35.3475647,8.522307396,10.33974361,18
50.71835327,25.36750603,31.50541878,31.37236595,36.0540123,31.6537075,9.396303177,6.446858406,7.266523838,35.54227829,173.0561218,151.8752441,150.7567139,151.0647583,113.7763901,31.59191513,8.490307808,10.50485229,18
62.12593079,22.1096096,24.30269432,26.98991013,31.00168228,45.33068085,6.863899231,9.003484726,10.86424446,3.700628519,36.45466614,34.41297913,30.63601303,28.35762978,29.73155594,6.283847332,7.955420017,11.01640511,19
62.01047134,20.70388985,23.29673004,25.57140541,28.87517357,44.76677322,6.473083973,9.193147659,11.54836655,4.659510612,37.28217316,33.23112488,28.51371384,27.16509247,28.98262978,7.357967854,8.413188934,10.57824993,19
61.56267166,20.69246674,24.05670738,25.24985886,27.45267487,44.26660538,6.13421011,9.122336388,12.27844524,3.249380112,36.86885452,32.71147919,27.6516571,26.08517265,29.47229195,7.454377651,8.791535378,11.27342415,19
61.66858673,22.85666275,26.65074921,28.06424141,30.31851959,43.61725235,5.165318966,8.640906334,12.01265049,5.02379179,39.68661118,33.76817703,28.27532196,26.12514305,30.00523186,8.126876831,9.043570518,11.29180431,19
62.18910217,23.77428436,25.89122581,27.92923546,31.40601158,42.95685196,5.122963905,8.681657791,11.63128567,3.809714317,41.30477142,34.67623138,29.59054756,27.71150208,30.7882576,8.716498375,8.956838608,11.28885651,19
62.45360947,24.75936317,26.29446793,27.80317116,30.90429688,43.06095505,5.148030281,8.969792366,11.74592972,3.219114065,35.17765808,30.90966225,25.84820366,24.74326897,28.94351578,7.93666935,8.98764801,11.09480095,19
62.60473251,21.70145607,22.9705677,25.00078011,27.35584641,43.905159,5.667801857,9.100533485,11.9676075,2.134783745,37.37436676,32.32130432,27.64411926,26.49446487,29.72734261,8.087429047,8.744174004,11.16387177,19
61.56768036,23.42436981,23.50583839,25.49434471,29.0357132,42.78607559,5.809068203,9.347417831,11.49522686,1.922441006,37.1922493,32.62643814,28.35741234,27.20361137,29.96032715,7.918370247,8.751269341,11.42932129,19
60.03878784,23.75547981,28.44020462,27.21600914,29.17624092,41.83254623,5.954468727,9.552569389,11.71187687,2.659326553,37.30983734,32.80392075,28.15766525,26.72630501,30.04776382,7.613266945,8.770730972,11.34110832,19
61.83840179,26.39424515,26.1058712,27.36614418,30.69590759,41.64407349,4.744540215,8.393138885,11.44275665,4.245193958,34.32799149,29.75496101,26.57379532,23.8367691,30.03375816,5.694228172,8.297300339,12.57271957,19
62.35252762,23.51293564,23.32544136,25.9519062,28.69040298,41.04400635,4.122077942,8.358581543,12.20209312,4.449021816,31.46118546,27.76631355,23.70006752,21.64440155,29.22899818,5.895979404,9.12308979,13.0352354,19
62.14803314,23.98550034,24.81754684,26.31673241,29.13352966,41.31782532,3.965263128,8.096453667,11.96055698,3.875503063,35.01023102,30.29692268,26.61980629,23.18471336,29.44001961,6.038580894,8.403356552,13.36024284,19
61.04862595,22.96131706,25.31557083,24.74096107,26.73907661,42.59614944,4.545148373,8.517697334,11.95528221,3.358237743,33.51307297,29.06254578,23.55030632,21.26372719,29.56597137,6.044875145,9.157616615,12.80694008,19
61.02591324,22.44244576,24.54938698,25.14249229,27.34578896,41.83982468,4.301565647,8.32772541,11.77533531,1.371735096,32.88985825,27.77265358,23.61451721,20.87610435,29.99815559,6.602627754,9.127806664,13.26035213,19
63.30034637,22.4853096,23.51566696,27.07928276,29.23280334,42.35003662,4.801262379,8.525810242,11.33377838,3.804828167,34.39289856,29.28860474,25.10129738,23.70941353,29.29428101,5.961575031,8.677901268,12.04527664,19
63.27481079,23.13059425,23.22084999,26.96004105,29.5877533,42.71707153,4.95637989,8.565797806,11.42699528,2.441761494,34.34957504,28.47750664,23.78271294,23.06823158,29.36225128,7.038793087,8.908738136,11.67031574,19
61.65838242,24.28758621,25.32152939,27.59240532,30.34648132,41.65381622,4.372913837,8.165607452,11.53645325,3.042338371,33.53023529,29.7993145,26.41625977,24.51484108,29.79820251,6.263408184,8.195464134,11.68453979,19
62.82170105,24.89421844,26.68004608,29.02796555,31.87434387,43.69742584,4.626814842,8.276615143,11.39735985,4.737061501,34.3644104,30.24511909,25.92211151,23.57946968,28.89600182,6.051260471,8.617188454,12.0011425,19
64.05070496,25.84685516,25.181633,28.36362457,31.72731972,42.64375305,4.935385704,8.735429764,11.25123405,4.918167591,35.72267532,31.42160416,27.69958878,25.26475334,29.39930534,5.94939661,8.366283417,11.85871696,19
60.11430359,25.32433891,26.84936523,27.28804016,29.75779533,41.56440735,5.000337601,9.104635239,12.08218861,1.667183161,38.89863968,34.75969315,29.43616486,27.73212433,31.01594925,7.180945873,8.840401649,11.3818655,19
6.719744205,32.31782913,35.11953735,34.09439468,33.39820099,32.48101044,6.976482868,8.553545952,15.17252064,39.03223038,159.5544586,144.5442505,145.2699432,146.6415558,137.2934875,16.5074501,6.880424976,7.285992146,20
5.896843433,32.15398026,34.88105011,34.02436829,36.6829834,33.4603653,6.8357234,8.366847038,14.5029192,39.67927933,160.0364838,143.7292175,144.4395294,145.7773438,134.6694946,18.11564445,7.008910179,6.879854679,20
1.696044326,30.34767723,28.30709076,27.64761543,32.19756699,36.38553238,6.684571266,9.254359245,14.74215889,39.98513031,162.9734802,144.232666,144.9437866,146.3320923,131.8034821,20.53542328,6.643784046,6.772509575,20
3.826279879,33.99624252,33.17206192,32.97729111,35.68560028,34.17013931,7.325764656,8.80714035,13.9732523,40.58340454,160.541153,144.1193085,144.7781982,146.1282349,134.1896362,18.39591789,6.659734249,6.758014202,20
1.672574162,28.31134796,27.6178894,27.2519207,30.35987663,32.26483154,7.571885109,9.25316906,14.11505127,42.67684555,153.4934235,143.1286774,144.173584,145.7153473,141.5268402,11.77679157,6.701302528,6.391232967,20
4.444793701,27.31492615,26.95518303,27.58686638,30.47139168,33.02405167,7.534108162,9.084066391,13.36974239,39.61951065,158.7835999,143.4099731,144.2947845,145.6371918,136.3058777,17.12810516,6.821476936,6.862270355,20
3.826996326,30.02384377,31.18255234,31.23517799,34.86500168,34.36836243,8.2555933,8.867758751,14.32216358,40.17580795,157.5462952,143.1587524,144.1736145,145.5878143,137.1968994,16.56349945,6.800628662,6.996192455,20
2.822095871,30.90144539,31.85199165,31.29985619,34.29341888,33.12680435,7.708462715,8.448407173,13.29964542,39.1627655,162.1398163,144.1186829,144.8074493,146.2681732,131.3730164,20.42657661,6.454184055,6.631227493,20
1.389453053,30.21998024,26.72891235,24.56274033,27.91499901,32.47335434,8.020347595,8.738329887,12.97865295,40.77771759,160.1652527,145.0258484,145.5940094,146.9918671,134.933197,16.97589111,6.795378208,6.971813679,20
4.444793701,27.31492615,26.95518303,27.58686638,30.47139168,33.02405167,7.534108162,9.084066391,13.36974239,39.61951065,158.7835999,143.4099731,144.2947845,145.6371918,136.3058777,17.12810516,6.821476936,6.862270355,20
3.826996326,30.02384377,31.18255234,31.23517799,34.86500168,34.36836243,8.2555933,8.867758751,14.32216358,40.17580795,157.5462952,143.1587524,144.1736145,145.5878143,137.1968994,16.56349945,6.800628662,6.996192455,20
2.822095871,30.90144539,31.85199165,31.29985619,34.29341888,33.12680435,7.708462715,8.448407173,13.29964542,39.1627655,162.1398163,144.1186829,144.8074493,146.2681732,131.3730164,20.42657661,6.454184055,6.631227493,20
1.389453053,30.21998024,26.72891235,24.56274033,27.91499901,32.47335434,8.020347595,8.738329887,12.97865295,40.77771759,160.1652527,145.0258484,145.5940094,146.9918671,134.933197,16.97589111,6.795378208,6.971813679,20
1.603520632,29.45004272,27.93079567,26.70091629,29.78983116,32.89204025,7.096442223,8.296518326,12.4344759,42.25272751,156.2171478,144.4694366,145.2797546,146.8280029,139.2763977,12.39958191,6.984687805,7.119431973,20
1.690844059,31.78415871,32.17716217,31.04962158,34.37176132,32.89457321,6.971785545,8.004570007,12.90971088,40.17159271,158.0235291,144.4963837,145.0588989,146.4968872,136.3449097,15.47810936,6.837989807,6.394759655,20
1.412223339,31.79761696,32.03981018,32.14521027,35.30767059,33.91623688,6.878999233,8.070053101,13.03509903,37.43653488,165.7271118,143.4343414,144.1085205,145.5614014,126.1819077,25.67354774,6.426874638,6.177363873,20
1.328837752,30.66017914,31.16575241,31.0848732,34.73783493,34.10334778,6.54229784,8.036388397,12.691185,39.223423,162.9507904,144.3674011,145.0782623,146.7326965,130.4843597,21.79316711,6.544335842,6.652692318,20
1.421339512,29.94395065,31.25502968,30.51229477,33.49734116,33.06007767,6.639945507,8.191821098,12.84510708,40.01906586,158.3253021,144.2765045,145.3469696,146.5778809,137.3816681,15.56714344,6.914889812,6.749709129,20
0.144017652,26.64533615,24.77297783,24.039217,26.83700752,32.90496445,6.855922222,8.559192657,12.48283672,39.86339188,161.5093536,142.9568481,143.7537384,145.0617065,132.5442505,21.39768219,6.635927677,6.288463116,20
1.603520632,29.45004272,27.93079567,26.70091629,29.78983116,32.89204025,7.096442223,8.296518326,12.4344759,42.25272751,156.2171478,144.4694366,145.2797546,146.8280029,139.2763977,12.39958191,6.984687805,7.119431973,20
78.3451767,153.5165253,151.2674408,151.7276764,151.7284088,136.6352844,8.9995327,10.38078117,13.54062557,48.17232132,162.1927643,148.4949646,147.7676392,146.6708832,143.6052551,14.76030636,8.778968811,10.24055958,0
78.06614685,153.1170654,151.1013489,151.5645447,151.4301605,136.8278351,8.709306717,10.24007893,13.20667648,47.98329926,162.7037201,148.5699921,147.7296753,146.6374359,143.3066101,15.01464176,8.75429821,10.2477026,0
78.18524933,153.8202057,151.6623077,152.0759583,151.9079437,136.610672,9.047567368,10.36163998,13.36114407,47.7845459,163.3989868,148.3466187,147.6755371,146.581192,142.7483673,15.4925642,8.719833374,10.31883049,0
78.78187561,151.7954254,150.5016632,150.9889832,151.0599365,137.2363434,8.092063904,10.08190155,12.8967886,47.70616913,162.4406738,148.4156036,147.5767059,146.4026337,143.6349182,15.05930519,8.778767586,10.36555004,0
79.30757141,152.9835968,151.4421387,152.0475616,152.2805634,135.9353638,8.529977798,10.35143852,13.31363773,49.29972839,161.8135376,147.9949341,147.2719116,146.3005524,142.9705658,14.99872303,8.755062103,10.24975681,0
79.40999603,150.375946,150.2333527,151.4999237,151.5604248,135.0157013,6.872609615,9.728456497,11.85760307,48.49778366,161.2348328,146.8766327,146.3328094,145.5267639,143.9962158,15.1779747,8.268046379,10.08845425,0
79.87499237,151.7004852,150.4401703,151.4947968,151.6110382,134.7285919,7.561511993,9.85594368,12.29069328,47.84393692,162.003006,148.1795502,147.9351349,146.7945404,144.0297241,14.04738045,8.811577797,10.32401466,0
79.5638504,150.551712,149.4307098,150.0149384,149.5245514,138.2139893,6.84401083,9.742089272,12.2897625,46.98699188,167.7932434,147.5018158,146.9895782,146.3355103,137.9538727,18.81209946,8.122503281,9.846542358,0
75.54839325,149.7621765,151.000412,149.8247223,151.5488739,140.344696,5.51196003,10.44835663,13.24679661,45.52184296,174.706604,145.2539673,144.2104187,144.6988373,131.4350739,24.38956833,6.029808998,9.495830536,0
75.19384003,149.6945648,150.5923004,149.547287,151.2707214,139.863205,5.562817097,10.24040604,13.01007652,43.67531204,166.8556366,146.9234161,146.3563995,145.3556824,139.2896118,17.78314972,8.093301773,9.298383713,0
75.65711212,150.3604279,150.7099304,149.8254395,151.5017395,138.5302277,5.895447254,10.11536312,12.81613445,45.61770248,174.6882782,145.6738892,144.5023193,144.954422,131.4779358,24.26103783,5.985366821,9.236120224,0
76.17884827,147.9421387,149.5031891,148.8267059,150.5978394,140.978241,5.101770401,10.126091,12.93448162,47.9052124,171.2862701,145.4419403,144.2709656,145.0728149,132.4793091,22.40133095,6.477838516,9.376011848,0
76.8794632,147.9577332,149.2207031,148.7246399,150.412323,140.5745392,5.153280258,10.01618004,12.7864027,46.26177597,164.5819702,147.1639709,146.8710327,146.2348785,139.617691,15.9363184,8.552030563,9.646690369,0
76.10578918,148.9780884,150.1351471,149.3779755,151.1580811,139.7615814,5.461348057,10.16376305,12.85355377,46.92757797,167.2518005,146.2760315,145.8566895,145.781601,137.5311584,18.24567413,7.590135574,9.286349297,0
76.86654663,147.6898651,149.2955322,148.6526337,150.6142273,139.9969482,5.274180412,10.05214691,12.74730396,48.61726761,168.8507996,145.6455841,144.8173828,145.5671539,135.5742798,19.94628143,6.568084717,9.509814262,0
77.2078476,147.403183,149.1172943,148.6269379,150.3863678,140.3135681,4.932209015,9.839910507,12.41544533,50.05823898,171.5206146,144.9955444,143.9473877,144.8425903,132.0082855,22.18460846,6.600132465,9.264843941,0
77.76246643,147.3802795,148.6051636,148.338913,150.2169342,140.1201782,5.09562254,9.928878784,12.68572807,50.1836586,165.4823608,145.5857239,145.3672333,145.6631775,137.6354218,17.3354969,7.524048328,9.438796997,0
77.79068756,147.2599792,148.0677948,147.8492584,149.733429,140.5854645,5.203452587,9.976576805,12.89675808,48.88866043,161.9071808,146.1070404,145.9703217,145.6980133,139.8933563,15.16919231,8.362550735,9.30013752,0
80.24559784,149.0099335,149.1875458,149.6785889,149.3816071,138.1707001,6.473568439,10.01335239,12.37665939,48.70001984,164.4900208,147.4649963,147.1234894,146.1866913,141.8932343,16.53865814,8.190526962,9.99359417,0
80.74565125,150.5635376,150.4946289,151.245636,151.3325043,135.6377258,7.098404408,10.27092361,12.61755753,48.29317856,161.6454468,145.9451294,146.1630096,144.8879395,142.629715,16.77583122,8.153359413,9.542459488,0
9.2115345,43.01392365,47.89083862,44.61177444,40.08993149,32.91113663,6.238442421,7.809166908,14.07021141,32.26876068,160.0368805,143.8391418,143.1492157,143.9023132,137.2613983,14.55186272,6.439371586,8.617689133,1
7.414470673,43.13257217,48.62711334,45.02189636,41.95569611,32.94705963,6.519689083,7.864743233,13.27419186,31.70881462,160.0989532,144.2188263,143.4792175,143.7971039,136.9087067,15.01186085,6.590141773,9.209742546,1
7.481887817,40.76002121,47.67280579,44.54257202,39.67079544,33.06270218,6.853775978,7.737102985,14.2865715,31.48646736,159.1537933,146.335022,144.8194275,145.2035828,137.9928741,13.16109753,7.105503082,9.117812157,1
7.501558781,41.57981873,48.16353226,44.04825974,40.21050262,32.73822784,6.856437206,8.091821671,13.85897064,30.5946846,160.6461334,145.6078339,143.9942169,144.3933258,136.7899323,14.47198582,7.000621319,8.956377983,1
7.666747093,41.87120819,48.30506134,44.64424515,40.35385895,32.6612587,6.684042931,7.864493847,14.01189423,29.63129997,161.2397766,144.8858032,143.8551178,144.2934418,136.4712219,15.15405846,6.771553993,9.026303291,1
8.162914276,42.10018921,48.53957748,44.57979584,40.14438248,32.63624573,6.710368633,8.02678299,14.14226341,29.9235363,161.118454,144.5484161,143.7109528,144.2238617,136.113739,15.26346302,6.576766968,9.094939232,1
8.247454643,40.67793655,48.06403732,43.77160263,39.02931213,32.39488602,7.177119732,8.053226471,14.37279701,30.33869934,160.5536194,144.3900146,143.6022949,144.0527496,136.0337524,15.07568741,6.53344965,9.17994976,1
8.110433578,40.17623138,48.87385559,44.50502014,40.01268387,32.33993149,7.666517258,8.002558708,14.2487278,31.38913727,160.5873871,145.6223602,144.1908569,144.679184,136.3204193,14.63382816,6.977522373,8.833132744,1
9.852032661,46.35836792,52.30277252,45.54179764,41.18257141,31.19342613,7.171870232,9.279595375,14.4366188,31.66889191,156.6810913,144.8858643,143.8878479,144.1013489,141.1253052,11.24479008,7.224825382,9.418074608,1
9.017134666,42.12223053,50.50801086,42.94923782,37.90486526,30.45903397,8.031648636,9.540769577,14.87865829,30.84799194,158.1698303,143.9013824,143.1120911,143.3204803,140.2536316,12.91339397,6.865271091,9.312449455,1
10.29818153,44.98150253,50.18427277,44.8330574,40.39150238,31.77698708,7.23559761,8.524658203,14.45273304,30.45707321,159.5735016,144.9966278,144.0830078,144.2110596,138.6958923,13.30734825,6.886380672,9.463795662,1
9.67841053,47.53839493,51.74833298,44.31676483,37.8813324,32.4538269,6.121156693,9.457292557,15.20186424,31.85250092,158.673172,144.484436,143.6930542,143.9484558,138.6730194,13.26828575,6.836096764,9.305482864,1
9.646119118,44.12236023,50.9515419,45.5124855,41.03917313,31.22267532,7.591763496,8.596924782,14.64530182,30.74120903,159.0939178,144.9627533,143.6819,143.8448944,138.5614929,13.47979927,6.970040798,9.070363998,1
9.991960526,42.12094116,52.31055832,44.67750549,38.31118393,30.83577919,8.496135712,9.399879456,15.63910961,32.21623993,159.6210175,144.2364197,143.4259796,144.0011292,137.8726349,13.75674725,6.75990057,9.008698463,1
10.66658401,45.33551025,51.00376129,45.61787415,41.03738403,32.09293747,7.357674122,8.756812096,14.90231323,32.7705307,160.541626,144.7843781,143.8197784,144.4929047,137.4812012,14.32544899,6.787349701,8.954667091,1
9.393500328,39.11557007,48.86224747,44.18551636,39.27259445,31.47813797,9.125890732,8.428696632,15.12483406,34.21384048,159.3347931,144.7944183,143.8304596,144.3959808,137.9176331,13.68537712,6.947659969,8.974347115,1
10.39612103,45.57223129,52.02443695,46.05506897,40.31687546,31.86104202,7.154697895,8.831353188,15.16705322,33.96685791,159.4263153,145.1417236,144.0328674,144.4559631,137.6036072,13.71219921,6.965085983,9.083135605,1
9.489784241,46.98422241,53.15639496,46.91601181,40.06041718,32.71401215,6.196567059,8.678240776,15.33405399,33.7989769,158.3044281,144.0658722,143.6483459,144.0704346,138.3549805,13.53537369,6.683339119,9.54233551,1
8.47931385,40.12353516,47.81293106,42.63286591,37.41611862,32.28216934,7.360607147,8.299998283,14.67594528,29.72872543,161.5488739,144.5696716,143.5346069,143.9635162,134.5959473,15.77683163,6.589338303,9.238801003,1
8.242548943,40.82206345,49.58719254,45.09741974,40.15616226,32.06462097,7.595381737,8.076546669,14.50099659,33.02371597,161.2140503,145.636261,144.5229797,145.1133575,135.041275,14.9757719,7.039684772,9.248602867,1
65.74685669,157.9007111,152.9543152,149.2249908,151.9191284,131.297821,12.85392094,9.932245255,10.7386694,50.37647247,7.363139153,160.9270325,160.7727203,162.317627,22.63862801,156.8940735,10.40758324,12.95440769,2
68.75476074,157.5261078,152.2120361,149.3908691,151.5266724,129.7983093,14.31738567,8.220031738,10.88424778,48.03913498,7.52553463,161.0700378,160.7177734,162.5203857,22.45231819,156.9975281,10.34311008,13.29631996,2
64.77907562,155.1714325,147.470932,145.2100067,146.6465759,132.792984,14.93270588,8.706915855,9.937252998,48.02133942,7.692124844,161.5314484,161.041153,162.4002838,23.07884598,156.6040955,10.2345829,12.9496994,2
66.48114777,152.4331512,149.3952637,147.1584778,149.679245,136.6304016,10.72860336,9.133638382,9.983985901,55.77191162,16.66100883,174.8516235,158.8915405,158.686142,18.13641167,164.7695465,11.77690792,11.67551517,2
66.68997955,152.7051697,150.0583649,147.7643127,150.2530975,136.2944489,11.09598923,9.053732872,10.15191269,58.91024399,15.78686333,164.2905579,157.8576965,158.490799,16.25785446,162.889679,12.35160351,11.41071129,2
66.90839386,151.9646301,149.8637238,147.6006012,150.2470245,136.4661102,10.82085514,9.149523735,10.33131027,57.25695801,20.49669075,160.5140839,156.8525391,157.2475128,15.96020699,161.9415741,9.809949875,11.227808,2
65.28379822,154.0651855,149.8019257,147.451355,149.5883789,135.5459442,11.76852226,9.154312134,9.702735901,57.9417572,17.84150505,157.2467194,157.4756622,158.16716,14.02595043,159.5939636,10.60212803,11.34359264,2
67.85585785,153.6137695,150.1278839,147.8580933,150.2788086,135.1030884,11.40796566,8.977696419,10.22344875,61.36871338,15.34501457,156.2569885,158.5758057,159.3279724,17.31928444,159.8186493,13.30623531,11.49901295,2
64.74959564,153.2649384,150.421875,148.0294037,150.3185272,136.3394623,11.01890755,9.038419724,9.580186844,55.89588928,12.8850317,157.318985,158.6676636,158.4260559,20.43795395,163.9824524,11.44452953,11.44291115,2
65.49066925,151.9351196,150.180191,147.719696,149.5987854,137.7986298,10.56244469,8.797521591,9.232609749,60.56194687,13.77378273,156.3130341,154.0742188,154.7480469,23.08155632,173.7002258,12.84549141,11.94053459,2
66.91753387,152.4797974,149.7106934,147.3504486,149.4916382,136.6450195,10.70577621,8.766720772,9.467616081,67.67800903,17.15805626,155.832901,154.5980225,155.5184021,21.2490139,164.8736572,11.75783443,11.09183693,2
66.72971344,152.0944366,149.7543945,147.4613342,149.5847168,136.6860352,10.78344536,8.757978439,9.440899849,57.66057205,12.23628426,158.8644409,160.5677795,160.6129761,18.53504181,160.201889,13.08187866,11.59142876,2
65.14937592,151.2854919,149.9745178,147.5234375,149.70401,137.5805206,10.68549824,8.847443581,9.610980034,55.52511215,13.87586975,159.3908234,159.414978,159.3173065,18.3399868,161.2516174,11.07815933,11.47083282,2
64.28852081,153.2496948,146.7501984,145.771698,146.9094543,137.469986,12.15315247,8.999293327,9.198126793,48.15578461,7.608805656,160.2114258,160.302475,161.847641,21.77173424,156.9346008,10.18106937,12.78745174,2
67.41400146,150.4740753,147.2720642,146.7399445,148.1160736,138.9478302,9.676805496,8.952209473,8.901259422,45.8393364,7.770819664,161.2004852,161.0270386,162.824585,21.6792717,156.3188019,10.2513113,12.98696804,2
68.31972504,151.9567261,147.5570068,146.83284,148.5027924,137.2250061,10.51726341,9.410349846,9.727728844,46.35884857,7.48233366,161.1198578,160.32724,162.0470428,21.56512833,155.7244263,10.07351017,12.92932415,2
67.10315704,152.4553833,145.7727051,145.4152985,147.3065643,136.718689,12.40447998,9.550387383,9.694992065,47.33009338,9.861668587,162.7375183,161.0075073,162.3310089,20.98511314,154.740448,9.729426384,12.24557877,2
70.1544342,150.9888153,145.0343781,144.7491913,146.9140015,137.671463,11.64257908,9.843167305,9.842707634,46.64868546,7.830853462,162.3769989,161.8309631,162.7396088,21.60041618,156.1193848,9.989618301,12.50061512,2
72.05453491,151.1307068,145.5157623,145.3425903,147.3078766,137.9418793,10.35774708,9.851334572,10.15969753,47.67865753,7.804139137,162.7427521,161.5150757,163.0242004,22.11089706,155.4724731,9.948605537,12.99324226,2
70.35641479,153.7386017,146.0613708,145.3679962,147.8172455,135.5386658,12.24957085,10.16889,10.6263237,49.54941559,8.349084854,161.6694336,160.7157745,162.2846985,21.87073898,155.818924,9.946035385,13.09388351,2
11.01579762,52.23426056,69.23935699,66.62612915,66.48819733,30.81779289,13.19549084,3.120167732,4.839828968,48.48545837,10.205616,159.1314545,160.1698914,160.6627808,19.03630447,158.7166595,10.08307266,12.098526,3
9.589867592,55.36330795,72.64321899,70.60480499,71.89199829,31.55898476,13.46779537,2.856224537,3.663777351,48.51009369,10.0700531,158.8514862,159.9476013,160.3005219,18.38285255,158.2567596,9.95382309,11.9542923,3
10.0187912,51.90763474,72.62165833,69.79515076,69.74421692,31.13879395,16.13759613,2.77903986,4.952899933,47.70103073,10.95389366,158.5769653,159.6503754,160.1571655,16.30967903,156.7842865,9.94694519,12.11917019,3
9.951668739,52.22271729,70.34229279,69.47444153,66.82523346,31.13120842,14.45493603,2.986292124,6.05300951,48.3277092,10.10314465,158.7048187,159.9043121,160.1575928,20.03325272,160.1919403,9.974683762,12.30178928,3
9.452530861,57.16729355,71.52151489,69.4615097,72.53820038,32.98156357,11.55580235,2.740811586,2.671736956,49.1516037,10.17264175,158.9792938,160.1550293,160.612381,19.42304039,158.6039886,10.01280308,12.1658144,3
5.359134197,56.41748047,69.74202728,69.93644714,67.37670898,34.21568298,11.08642101,2.953930616,5.613704205,49.94639969,15.04007626,156.746048,157.8480988,158.6870728,13.90348339,154.0753326,9.98412323,11.87701607,3
4.704778671,52.58615494,64.87767029,65.62705231,66.97260284,34.02707672,9.094032288,3.210710526,2.671517134,49.81099319,15.76749611,156.7263336,157.6512756,158.4868927,12.5666151,152.4083405,9.976084709,11.78333187,3
4.651263714,44.14765549,59.0074501,60.88486481,62.96874237,31.83871078,11.34312344,3.336010695,2.484434605,48.66769409,15.61132908,155.2136078,156.552948,157.7587738,11.52534866,152.4786072,10.04699993,11.67446899,3
4.54385519,46.80724716,59.92371368,61.14288712,61.8998909,32.34275055,9.951787949,3.500677347,2.884051323,49.92498398,15.42817402,155.2873383,156.4815216,157.5153198,11.75610828,153.8167267,10.03669834,11.83647728,3
6.47284174,53.18950653,68.18238068,69.42071533,68.72963715,33.27429581,11.58547878,2.591858625,3.810845137,50.32079315,15.0118866,155.5226288,156.6811676,157.7637329,12.58830452,153.5435944,10.06344986,11.7005825,3
4.246992111,44.33038712,57.08342743,58.47208023,59.85003662,32.34970093,9.476290703,3.765824318,2.833932161,48.56409454,16.34350014,155.3159485,156.401947,157.4963226,10.41253471,152.3531647,9.945402145,11.72774792,3
5.240076065,58.90681458,71.12090302,70.71173859,69.75228119,35.12354279,9.580392838,2.953068972,3.503249168,50.21471024,15.84776783,155.3930511,156.4017487,157.4506836,11.55970478,153.1663513,9.953525543,11.77118397,3
8.700778008,67.16773224,76.12953186,73.8543396,76.45677948,36.26200485,8.256829262,2.58255291,3.001070499,50.67015839,15.07983494,155.0293274,156.4167786,157.2944031,12.86638165,153.0714111,9.90480423,11.45175648,3
6.176348209,47.56807709,59.41539764,61.66801453,61.61664963,31.33939362,9.134455681,3.723469019,3.230042458,49.95410156,16.22781944,155.6335297,156.8131104,157.5306244,12.54295444,152.9337769,9.796531677,11.37080193,3
5.732204437,50.94055176,61.76882172,62.96637726,63.35348511,32.29206848,8.440105438,3.666609049,3.43780756,50.91231155,15.49469852,156.236618,157.6208344,158.2559662,13.62129879,153.7441559,10.19553089,11.55759144,3
9.538894653,57.38177872,74.00031281,72.16563416,71.97878265,31.94013977,13.20261002,2.854716301,4.497232437,47.64266586,12.3395443,158.7820435,159.8014832,160.3703156,19.04738045,160.3656464,10.03540421,11.85522652,3
9.468384743,49.50334549,71.06587219,70.27850342,67.65979004,30.09095001,16.80372238,2.664033175,5.915197372,48.13438797,10.94779873,159.1505127,160.2186737,160.6293335,20.52970695,160.5997467,10.05046463,12.12512112,3
11.27391338,50.11344147,72.69322205,70.19013977,68.68964386,30.39551163,18.01346207,2.663004398,5.707258701,48.01921844,10.46431351,158.3701782,159.6847534,160.2179108,17.1543045,156.7950897,9.853610039,12.22841835,3
11.52951908,58.19483566,71.25107574,68.87767792,68.92144775,32.20793152,9.77223587,3.048959017,4.524934769,48.22251129,12.3039856,158.5907288,159.9441681,160.7245331,16.81941414,155.7192078,10.08330631,12.224226,3
9.453071594,57.06515884,71.22288513,69.94644165,70.97133636,32.13375854,11.0217123,3.153805017,3.760204315,48.92013931,12.40544987,158.8274231,160.072403,160.5631561,17.46091461,156.5695038,9.951333046,12.00202942,3
61.62624741,138.8109589,142.335083,144.8113861,147.6198425,151.6316681,1.621964812,8.346520424,10.11755943,73.21041107,6.132740021,3.778645754,170.1734619,173.4541016,42.03320313,6.181710243,152.6733704,12.42690849,4
61.14338684,139.2706299,142.6193237,144.7454224,147.5614471,151.9013062,0.643461823,8.655100822,10.35216045,72.19515228,7.463637829,5.190407276,170.5666656,173.6031799,42.63066864,7.300572872,151.163208,12.39956665,4
61.01404953,139.4399261,142.7932434,144.792923,147.5780487,151.7998352,1.100206733,8.404968262,10.33079624,72.29960632,5.88346529,3.674557209,170.9150391,173.8003845,43.09001541,7.769329071,152.6002045,12.33391762,4
61.86470413,138.3166656,142.4475861,144.9525299,147.6241455,152.3070984,2.002129555,8.232131958,10.10415649,71.76778412,6.138683319,4.561752796,170.8264923,173.8548431,43.0718689,7.612106323,151.3264618,12.2734499,4
62.20756531,139.2646027,143.1496124,145.4882507,148.0931244,152.5904236,1.569600463,8.340707779,9.921309471,71.98744965,5.000573158,2.720597029,170.4550476,173.0254211,43.03313828,9.364665031,154.088974,11.95371628,4
63.15322495,141.5741272,144.8953247,145.2205811,146.8527374,152.6733246,2.043730497,8.557195663,10.5635252,71.97504425,1.28663981,4.127348423,170.374115,172.616684,46.8441391,11.21578693,156.9463348,13.02822304,4
61.03177643,139.7917175,142.8088531,145.1337433,147.0883179,152.8525085,1.45225668,8.03067112,9.759409904,73.56723785,1.063120484,4.491872311,170.4253082,173.0998383,47.52822876,11.62581348,157.3982239,13.2473774,4
60.16217422,139.9603882,143.2033234,145.8886871,147.9083099,152.7431641,1.23257637,8.417879105,9.799561501,73.19760132,1.417893291,4.63979435,170.4680939,172.9700165,47.09170151,11.71350861,157.2576447,13.34328079,4
59.9668541,141.0268707,143.4763031,145.5131073,147.2036438,152.9426727,1.303112388,8.37728405,9.910520554,73.30432892,2.464659929,4.129435539,171.0831604,174.0104675,46.87156677,10.46196365,157.2845764,13.38789654,4
61.40028381,140.2774658,142.7201233,144.9508667,146.7930908,152.8051453,1.441979408,8.329847336,10.18396759,72.63985443,1.520069957,4.148267746,170.6968994,173.0155334,46.88814545,11.00061321,157.2776184,13.38097668,4
62.29489517,141.799942,144.4940338,145.6148682,147.5770874,151.9081116,2.179333687,8.687040329,10.75162029,71.9903183,2.191334724,3.468820333,170.2747498,172.9900818,44.96329117,10.05222607,156.3368225,12.9609108,4
62.79876709,142.1481323,145.2599182,145.3325806,147.0733643,151.7329865,2.727136612,8.619671822,10.83690548,72.06038666,2.163379669,3.264047861,170.294342,172.7230682,45.03462219,10.47459507,156.2600098,12.76471901,4
62.40589142,141.5389252,144.640152,144.9744568,146.6985168,152.7275085,2.412650824,8.598660469,10.93885803,73.1103363,4.359366417,3.384428978,170.8845062,172.9882965,44.63166428,10.56477356,154.7991638,12.73665047,4
61.26431656,142.7383575,145.6753693,146.0787659,147.8711395,151.6214905,2.683214664,8.655373573,10.48400211,73.1836319,3.801429987,2.882354021,170.3489227,172.6778717,44.48590469,10.33112049,155.9342346,12.81177616,4
62.25519943,142.0266418,145.2624359,145.6859436,147.4891052,151.7265778,2.355427742,8.680752754,11.01688766,71.41140747,2.561167002,3.467747688,170.381546,172.6278839,45.15823746,10.88171577,155.2636566,12.91480064,4
62.66033173,139.4784698,142.8587036,145.0892029,147.4841309,152.2490082,1.510383606,8.206236839,10.23692799,72.84793091,5.316734314,2.281990528,171.1081085,174.224823,43.91513062,8.153673172,152.8381042,12.27791595,4
60.76572037,141.6116791,144.1006012,146.1355743,148.2601929,151.7801514,1.6205163,8.292589188,9.73690033,71.61837006,6.727327824,3.507215023,170.4462585,173.3772583,41.99533081,8.343297005,153.1810913,12.1962595,4
60.9865303,140.2488251,143.1452637,145.2238617,147.5462952,151.6460724,1.748092532,8.131079674,9.890678406,71.31469727,6.726219654,4.457290649,170.6154633,173.2439117,41.88843155,8.386374474,152.374939,12.39743519,4
62.25621796,138.3400269,141.745224,144.1598816,146.6316071,152.8626099,2.19410181,8.003025055,9.932719231,71.1892395,4.693982601,2.937982798,171.34198,174.0696411,43.49661255,8.324707031,152.5846405,12.35562611,4
60.3969841,140.7073517,143.5639648,145.8486328,148.1520844,151.6928558,0.883152366,8.420398712,10.31982231,71.21475983,7.033719063,5.590439796,170.4996338,173.5322266,42.83600998,7.867064476,151.0788116,12.30943203,4
51.04325104,146.3041534,144.1166229,145.3240204,147.0901794,151.6305389,3.984427929,8.127264023,9.4865942,4.621943474,35.42442322,43.69078827,161.9798889,164.4278564,19.91266823,6.360880852,134.6837616,12.47052193,5
50.9235611,147.3199768,145.0754395,146.1212006,147.7879333,151.0332031,4.005848408,8.211500168,9.432214737,4.611761093,35.78203583,42.05051041,163.1406097,165.6970367,21.01811218,6.241175652,134.0516815,12.61480618,5
50.77216721,146.9699097,144.805542,146.0246582,147.7272949,151.1757965,3.847714424,8.209682465,9.436485291,4.870052338,36.62372971,43.02649307,163.074707,165.7038269,22.31257057,5.74159956,132.6092529,12.99834538,5
50.81134033,146.707016,144.5779266,145.8676147,147.565979,151.3160553,3.819672585,8.130910873,9.436172485,4.297009945,35.57635117,41.38894653,162.7023926,165.4346008,21.47855377,6.423853874,134.5675812,12.93806648,5
50.83274841,147.0811615,145.0467224,146.2556763,147.9128113,150.9546204,3.811769724,8.225260735,9.515951157,4.348390102,35.55403137,41.86003876,162.8229828,165.397934,21.34046364,6.221889496,134.3712463,12.81114483,5
51.3213501,147.1218262,145.4400482,146.6365204,148.3291168,150.5991364,3.525478125,8.346920013,9.632616997,6.821074486,32.5266304,41.58694839,165.5921173,166.1311188,21.99915886,4.01458931,129.5774841,12.10551453,5
51.42264938,147.2203979,145.5319672,146.701828,148.3715057,150.4699402,3.519864798,8.376721382,9.625185013,4.083461761,34.61772919,40.97434616,162.1143646,164.9954987,20.8758831,6.400797367,135.312027,13.13468838,5
66.0819931,148.2036438,147.1848907,149.8408051,150.703598,147.1446533,4.907759666,8.949421883,10.91605186,2.494655132,27.40311241,34.402771,162.3717499,165.613266,23.6427536,4.432040215,136.6207581,15.03469181,5
66.08206177,147.3090973,146.7098694,149.2575226,150.2090454,147.7801208,4.508194923,8.855078697,10.77871704,1.590408564,29.58110046,35.42943573,163.5136261,166.688324,24.29429436,4.269941807,135.3016357,14.86950397,5
66.14800262,148.3882904,147.6285248,150.1515808,151.2088165,146.7654114,5.216803551,8.916563034,10.88979912,3.909610748,32.01025772,36.80169296,164.4667969,167.2271576,23.87108612,4.978111744,134.6412811,14.78889561,5
65.47159576,148.8053131,148.1910706,150.6056061,151.6387939,146.5244446,5.279453278,9.082573891,10.96671867,8.617485046,32.97690582,38.11700821,164.3170929,167.0282745,24.62653923,5.758574486,135.043045,14.74537945,5
66.37768555,147.740387,147.1874695,149.8486481,150.8683167,147.6950073,5.00147438,8.88889122,10.91269588,8.681454659,33.2991333,36.36426926,164.9049377,167.7708588,24.2460804,7.078229427,135.8142853,14.59196091,5
65.51774597,149.0371094,148.192749,150.5846252,151.569931,146.3275299,5.436929703,9.069952011,11.04849243,8.223255157,33.20483017,36.23028183,164.8403625,167.9774323,24.67408752,6.542867184,135.5012054,14.66070557,5
66.22613525,147.6375275,147.1538849,149.6595306,150.7197723,147.2009888,5.060163498,8.885575294,10.94947147,7.523761272,36.54542542,39.74702072,164.6972961,167.4282532,25.32981491,6.331808567,134.2158661,14.25570488,5
65.88921356,148.4153748,147.5392303,150.0442657,150.9105682,147.0198212,5.267935276,8.963417053,11.01533222,6.908958435,36.41804886,40.09812546,165.0454254,167.7703247,24.94736099,6.250341892,134.1818695,14.33965874,5
65.75279999,147.6186676,146.9489746,149.541214,150.4815979,147.895401,5.042865276,8.919075012,10.97003937,1.152669787,32.24589157,37.95588303,163.7506409,166.7480621,24.49189377,4.730937004,134.7005463,14.46599865,5
66.09344482,147.2239838,146.6324768,149.3281555,150.2626801,148.2453613,4.912029266,8.798392296,10.89890575,1.093606114,31.72899055,36.15034866,163.9054718,166.8953857,25.09559822,4.321280956,134.2640381,14.55078888,5
51.42793274,147.1936493,145.2014771,146.5923004,148.2662201,150.8876953,3.672958136,8.132214546,9.496431351,4.82340765,33.81774139,41.19392776,162.9515381,165.1081543,20.8031292,5.816115379,134.225296,12.89827251,5
51.50914764,147.3409271,145.3414001,146.6176758,148.2479248,150.8604431,3.635396242,8.190048218,9.572509766,4.542734146,32.94152832,41.14619446,160.3370819,163.3954773,19.51176071,6.007889748,136.7210693,13.61860085,5
51.21116638,147.522995,145.5428467,146.7389374,148.3670349,150.655777,3.692205906,8.246669769,9.52451992,5.771018505,33.14622116,41.17036057,161.1931458,163.6586151,19.63862228,5.587459087,135.7363892,13.22503471,5
14.44482136,42.10050201,52.6259613,45.70337296,42.25992966,26.18913269,5.685306549,7.278394699,9.754453659,2.377428532,23.51545334,28.33738136,164.5613556,166.4346161,17.08564758,10.46252823,140.8228912,13.00921249,6
14.4178524,42.22121811,53.70722961,44.87365341,39.92876053,26.42947578,6.434863091,8.559192657,10.99592304,0.966110885,23.91980171,28.5677433,166.2331543,167.957489,18.40791512,10.04210472,138.9694977,13.086133,6
15.24057484,43.41439438,56.59713364,46.07067871,39.40549088,26.37851334,7.183567524,9.196268082,11.94051743,1.82552743,21.55680084,26.77485657,165.8531494,167.6203308,18.01366043,10.43629837,140.4757843,12.94974518,6
14.57075882,43.18088531,56.39033127,45.87194061,39.12710953,26.46260834,7.032352448,9.173096657,11.93282318,2.016156435,20.95418549,25.37777138,166.0126801,167.7961578,17.39779663,10.92196465,141.3667908,12.77723312,6
14.9944334,42.60234451,54.55398941,44.99858856,39.960186,26.23288155,6.219620228,8.666418076,10.93083,2.175198793,21.15046501,24.96548462,166.4621429,168.2254181,17.57388687,10.88507938,140.9635773,12.73133659,6
15.14309406,42.09375381,56.02707291,45.47736359,39.53513718,25.84330559,7.619502068,9.162851334,11.48974228,1.298448682,22.51361847,26.09558678,166.0756683,167.8885193,18.13148689,10.68562794,140.6970825,12.86035156,6
14.94268322,42.21505356,56.31811905,46.60430527,39.94718552,25.74371719,8.060317039,8.614771843,11.77955151,1.533017516,29.35844994,36.24065399,166.2650604,167.9683075,18.85778618,8.805043221,135.0319366,13.15544128,6
15.3501749,44.41379929,56.15689087,47.19295883,42.79431152,25.95639229,6.239102364,8.237163544,10.29348087,1.431354761,27.40121269,32.76384354,165.9940491,168.0333405,18.10500908,9.903295517,137.2167816,13.32696342,6
14.51539135,44.14658737,54.16255569,46.99676132,44.05561829,25.82734299,5.42975235,7.457273006,9.487257004,1.318785906,26.74383545,32.75727081,165.8354187,167.8024597,17.846632,9.903255463,137.7104645,13.1198473,6
10.17386055,34.70765305,47.9953804,45.40860748,44.33424759,31.13182449,8.710637093,5.082223892,8.007978439,9.631677628,37.70914459,43.53992462,172.360733,172.4670105,30.71033287,3.676954031,124.5820999,12.92631626,6
11.26720238,40.17888641,52.45096207,48.77527237,47.5811615,31.03417587,7.920403481,5.272359371,7.843451023,9.357567787,36.94031906,42.87123489,172.5430908,172.7026062,29.99765015,3.818134546,124.7796707,13.02704144,6
11.10602856,37.48926163,50.93795776,46.75036621,45.43163681,30.80091095,8.568136215,5.45240593,8.097908974,9.209849358,37.7311554,42.91752625,171.9632111,172.3142548,29.94018173,4.06827879,124.9384689,12.99884701,6
12.38293552,39.88174438,51.3353653,47.81629944,46.78131104,30.32929993,7.285157204,5.450716496,7.857078075,7.924218655,36.83407211,42.29348755,172.6735229,173.1080627,28.36824799,3.985901833,124.7821579,13.44234562,6
11.80692196,38.87427521,50.45510483,47.11445999,47.26833725,30.24376678,7.378020287,5.304372787,7.504435539,8.148133278,35.50689697,43.08188629,171.8537903,172.1271057,28.10197067,3.655644894,125.2780304,13.31464577,6
12.42449665,40.77558899,52.31429291,49.0329628,47.97768402,30.21835136,7.472808361,5.230944157,7.605942249,8.999380112,36.57859421,43.32888412,172.3693542,172.6946411,29.24948883,3.875351429,124.4899216,13.15424156,6
9.665685654,43.69345093,54.81908798,50.6772728,50.9749794,31.37472916,6.679141521,5.2465415,6.877145767,9.790166855,37.59475708,42.88852692,171.4772797,172.0142517,29.88564301,4.052845955,125.3337631,13.15159988,6
8.977127075,40.99935532,52.81851959,46.92490768,44.54192352,31.4292469,7.28809166,6.179109097,8.642156601,7.606484413,35.27062607,43.71343994,173.0642853,172.5303192,28.641922,3.757808208,124.3095627,12.70659542,6
9.22044754,39.26106644,52.12202072,46.47859192,43.66379929,31.31938744,8.209969521,6.092586517,8.857673645,7.386684418,35.07774734,43.77613068,171.8399658,171.4664764,29.20168686,3.284795046,124.787117,12.98500824,6
8.283989906,37.15736008,50.34893036,45.87668991,44.40668869,31.07474136,8.641496658,5.639271259,8.03800106,8.812335968,35.77232742,43.94510651,171.8263397,171.5907745,30.09926033,3.258344889,124.4647293,12.86253071,6
14.5685997,43.17827988,53.02090836,46.17821503,44.16201401,25.61312485,5.280381203,7.259365559,9.03161335,1.618099332,27.75301933,33.33171844,166.2487793,168.215744,18.00705528,9.628289223,136.9109497,13.02884388,6
55.5470008850098, 149.037780761719, 144.846130371094, 144.041137695313, 146.52978515625, 147.632934570313, 9.57168865203857, 9.84186840057373, 10.0895662307739, 65.3037414550781, 47.5478553771973, 7.15872764587402, 4.15114688873291, 1.22093176841736, 45.658203125, 30.9785022735596, 12.4378061294556, 14.0435810089111, 7
51.0706748962402, 148.613845825195, 144.158432006836, 143.47819519043, 145.664840698242, 148.495132446289, 9.17061138153076, 9.80399513244629, 9.94403839111328, 64.4243316650391, 40.6833534240723, 7.05685710906982, 2.87793612480164, 5.73797988891602, 44.929859161377, 28.2157249450684, 11.9896068572998, 13.8486013412476, 7
53.9194717407227, 147.392044067383, 144.137130737305, 144.097747802734, 145.969055175781, 149.939636230469, 7.8900351524353, 9.9589376449585, 9.90645217895508, 64.2815322875977, 42.9067077636719, 7.13583612442017, 3.95299673080444, 5.47500228881836, 44.7863540649414, 30.7463855743408, 11.2938613891602, 14.2898778915405, 7
55.2610969543457, 146.680801391602, 144.036697387695, 144.493209838867, 146.272354125977, 150.821548461914, 7.37136888504028, 10.1243419647217, 10.0374031066895, 61.7577896118164, 43.4675140380859, 6.89452171325684, 4.60670375823975, 3.63647317886353, 43.4960823059082, 31.7932929992676, 11.2619409561157, 15.1039571762085, 7
51.232982635498, 142.975997924805, 144.647308349609, 144.407135009766, 145.396423339844, 152.374633789063, 3.95349192619324, 9.09146022796631, 9.43008804321289, 60.1931571960449, 42.0735702514648, 7.36066055297852, 4.8380069732666, 6.70829343795776, 40.5159492492676, 28.6579837799072, 12.8453378677368, 13.4663429260254, 7
48.4324569702148, 143.57878112793, 143.222854614258, 143.434753417969, 145.002319335938, 152.283920288086, 4.72542667388916, 9.20575046539307, 9.22588157653809, 59.2403106689453, 27.4589099884033, 22.7511367797852, 28.4932594299316, 30.4522228240967, 44.7431259155273, 11.121973991394, 9.86252593994141, 13.2703838348389, 7
48.4533615112305, 142.478378295898, 142.498825073242, 142.425964355469, 144.157669067383, 152.604690551758, 4.54113864898682, 9.28143787384033, 9.18643379211426, 61.3214988708496, 25.0299663543701, 21.8859882354736, 28.5751266479492, 30.2323799133301, 44.5963401794434, 10.2167892456055, 10.3340902328491, 13.3039951324463, 7
48.3620872497559, 141.985214233398, 142.261611938477, 142.170822143555, 144.120361328125, 153.069564819336, 4.51093149185181, 9.23643970489502, 9.1915225982666, 60.8623390197754, 29.4016075134277, 26.4804077148438, 31.4741287231445, 32.004337310791, 44.9315528869629, 9.44048309326172, 9.40671443939209, 13.0438470840454, 7
48.986873626709, 142.792922973633, 142.949203491211, 143.185317993164, 144.602844238281, 152.107543945313, 4.37645101547241, 9.14713954925537, 9.03478908538818, 61.434024810791, 30.1183738708496, 25.6344470977783, 29.0626926422119, 32.8946151733398, 46.056224822998, 10.2723789215088, 8.93039035797119, 12.6926307678223, 7
49.5623626708984, 143.434616088867, 143.507461547852, 143.76611328125, 145.090545654297, 151.517272949219, 4.42956447601318, 9.25433731079102, 8.99127674102783, 60.7080192565918, 30.9139099121094, 25.1014518737793, 26.4596519470215, 27.568603515625, 46.2611389160156, 11.2349967956543, 9.90839767456055, 14.1326150894165, 7
53.6706352233887, 139.261611938477, 141.543609619141, 142.410247802734, 144.10417175293, 153.8798828125, 3.304523229599, 9.33841419219971, 9.34047603607178, 57.1840057373047, 28.5335674285889, 24.0139789581299, 24.9490699768066, 25.7720012664795, 44.3325119018555, 10.4338283538818, 10.3246250152588, 14.5557374954224, 7
57.415771484375, 137.139312744141, 139.67919921875, 141.411849975586, 142.40998840332, 157.035430908203, 1.05998682975769, 9.22055435180664, 9.42975425720215, 52.2839202880859, 26.8837490081787, 22.1847705841064, 22.155948638916, 23.6343650817871, 42.121898651123, 11.0054616928101, 11.1791896820068, 14.773811340332, 7
51.8651885986328, 141.908172607422, 142.71321105957, 144.029144287109, 144.533004760742, 154.395538330078, 4.22428941726685, 8.93865776062012, 9.19588375091553, 48.361629486084, 28.7818698883057, 20.9172077178955, 21.1225070953369, 26.0838623046875, 42.0654182434082, 12.575888633728, 11.7724227905273, 13.7726211547852, 7
55.24853515625, 137.621826171875, 140.864120483398, 142.243850708008, 143.697998046875, 155.637481689453, 2.10849332809448, 9.21754837036133, 9.55937767028809, 50.5233917236328, 29.3874073028564, 21.1173419952393, 21.1051788330078, 28.7789268493652, 42.9228973388672, 11.9054403305054, 12.4915552139282, 13.4572048187256, 7
53.6828956604004, 139.038681030273, 141.723449707031, 142.652481079102, 143.686508178711, 155.150024414063, 2.71613264083862, 9.08486557006836, 9.4238748550415, 45.9921340942383, 25.6036128997803, 12.0711059570313, 15.3485374450684, 23.1611938476563, 41.668212890625, 15.6615791320801, 13.4528741836548, 15.0375490188599, 7
53.9143943786621, 144.716506958008, 145.629653930664, 145.323547363281, 146.147918701172, 151.237640380859, 3.94714665412903, 9.40117645263672, 9.47228622436523, 59.9345664978027, 32.4171714782715, 11.5295524597168, 6.3531699180603, 12.6782608032227, 39.5706634521484, 21.5282669067383, 10.0826826095581, 13.1972703933716, 7
53.0996856689453, 144.367218017578, 145.78694152832, 145.402084350586, 146.253341674805, 150.98323059082, 4.20388746261597, 9.3136100769043, 9.32906436920166, 51.4974594116211, 37.211009979248, 16.8324146270752, 16.5242328643799, 19.0212326049805, 40.8551254272461, 17.7547721862793, 9.75227642059326, 13.9032411575317, 7
52.45703125, 143.791900634766, 145.286926269531, 144.684097290039, 145.826736450195, 150.726333618164, 4.34356784820557, 9.44552040100098, 9.45161628723145, 62.6086616516113, 43.0279541015625, 21.8404026031494, 20.8587417602539, 19.2604103088379, 42.9788627624512, 18.4043025970459, 9.41938972473145, 13.562050819397, 7
49.830997467041, 143.589660644531, 144.478988647461, 143.655822753906, 144.94873046875, 150.409790039063, 5.00542879104614, 9.36607074737549, 9.2520227432251, 66.0174865722656, 51.2673797607422, 24.6462821960449, 11.7809400558472, 18.1203002929688, 41.7664489746094, 21.9869213104248, 9.99018859863281, 12.3944759368896, 7
52.0428237915039, 144.999465942383, 145.562484741211, 144.677780151367, 145.836227416992, 149.427154541016, 4.84322786331177, 9.39165878295898, 9.1822395324707, 62.319278717041, 60.4960098266602, 26.1559104919434, 21.5732555389404, 24.2214107513428, 41.6600379943848, 25.7805213928223, 9.64666938781738, 9.60696983337402, 7
11.5654811859131, 50.1839561462402, 52.962272644043, 44.5839805603027, 44.8378868103027, 24.8088302612305, 1.67456197738647, 8.90798854827881, 7.37759447097778, 64.5206985473633, 35.6954498291016, 31.1924114227295, 26.0862293243408, 31.2102203369141, 42.6007041931152, 10.8104267120361, 9.89260673522949, 8.33726978302002, 8
11.8711738586426, 51.3110313415527, 53.5582046508789, 45.6643295288086, 45.4814300537109, 25.375316619873, 1.25288915634155, 8.13375949859619, 7.58234882354736, 63.4131278991699, 34.7902908325195, 31.2926921844482, 25.8149375915527, 30.7649307250977, 41.4196929931641, 10.8142490386963, 10.0266408920288, 8.51472282409668, 8
12.8283987045288, 53.2667083740234, 56.5802459716797, 48.4227409362793, 49.0071983337402, 25.864631652832, 1.77872276306152, 8.32814884185791, 7.32953977584839, 62.6658020019531, 32.3687171936035, 31.5405807495117, 25.695405960083, 29.7450561523438, 41.1523742675781, 9.99314117431641, 10.2950859069824, 8.71410942077637, 8
13.1213512420654, 51.4442825317383, 56.1327896118164, 48.2167587280273, 48.8103446960449, 24.8260879516602, 3.17693591117859, 7.91864347457886, 7.05524444580078, 63.4267349243164, 32.0263671875, 28.3758945465088, 28.1176624298096, 34.9508590698242, 40.7393913269043, 10.9358892440796, 8.69524478912354, 7.45324563980103, 8
12.3455677032471, 49.045280456543, 50.9966430664063, 43.3481864929199, 43.0116729736328, 24.7355346679688, 1.32041704654694, 8.29268455505371, 7.63203525543213, 63.664608001709, 31.9794235229492, 29.36891746521, 27.840991973877, 34.0973434448242, 40.8806343078613, 10.2556858062744, 8.95253849029541, 7.68158054351807, 8
11.6241855621338, 50.3493003845215, 52.1325912475586, 43.390796661377, 44.1619873046875, 25.6410293579102, 1.0413624048233, 9.07003879547119, 7.62398242950439, 62.5152778625488, 35.0721092224121, 31.4852447509766, 29.185977935791, 35.2144241333008, 39.8616104125977, 11.3112344741821, 8.88113021850586, 7.34414196014404, 8
13.4286613464355, 53.8810234069824, 57.5374298095703, 48.5381965637207, 49.3474998474121, 26.1201400756836, 2.00935006141663, 9.0206413269043, 7.28677272796631, 64.195442199707, 30.6564044952393, 28.1513118743896, 24.4787502288818, 29.7213764190674, 42.7476387023926, 10.5092525482178, 9.8094482421875, 8.76192474365234, 8
10.5764274597168, 47.2563896179199, 55.6917495727539, 47.1465644836426, 46.6714706420898, 27.7048645019531, 5.02827453613281, 7.18127346038818, 8.00697231292725, 55.7999687194824, 36.5862197875977, 26.4665412902832, 22.0661430358887, 25.6044025421143, 37.2950744628906, 14.0560026168823, 9.76114273071289, 9.12780666351318, 8
11.0342264175415, 48.095401763916, 53.1071014404297, 43.5128707885742, 44.1342544555664, 27.8251285552979, 2.63113379478455, 7.82415819168091, 7.88946342468262, 55.5524368286133, 35.6473426818848, 27.8230781555176, 23.1081886291504, 27.1176300048828, 37.5506477355957, 13.0353708267212, 9.71375274658203, 9.15914058685303, 8
11.3950090408325, 47.9575271606445, 51.4638519287109, 41.8943977355957, 43.1655426025391, 27.5437908172607, 1.54167354106903, 7.83836936950684, 7.69518613815308, 53.3324813842773, 33.4015808105469, 24.6604118347168, 20.1577758789063, 24.1337909698486, 37.6926727294922, 13.6525287628174, 9.88825225830078, 9.52868843078613, 8
10.7286586761475, 47.1468620300293, 50.0392913818359, 40.9295082092285, 42.9821510314941, 27.5882816314697, 1.13384175300598, 7.59491634368896, 7.24280643463135, 55.9125785827637, 35.6471786499023, 26.1246700286865, 22.7807636260986, 27.0149345397949, 37.1061172485352, 13.5718336105347, 9.30155277252197, 8.93634986877441, 8
10.9317836761475, 47.8716926574707, 51.3268051147461, 42.2217063903809, 43.578556060791, 27.7403507232666, 1.49619436264038, 7.62838268280029, 7.54462432861328, 52.7244071960449, 34.4487991333008, 24.9708156585693, 22.4391784667969, 28.5179347991943, 35.8034210205078, 13.5642938613892, 8.72762393951416, 8.39631938934326, 8
11.0461044311523, 48.7880249023438, 52.5108871459961, 43.6411972045898, 45.6932716369629, 27.9740867614746, 1.44509732723236, 7.57755947113037, 6.81860160827637, 51.8820114135742, 33.0462303161621, 23.6755599975586, 21.5483779907227, 27.2433586120605, 35.8198738098145, 13.7919015884399, 8.88955402374268, 8.40763187408447, 8
12.0626602172852, 47.9450759887695, 50.8680267333984, 42.6079063415527, 45.2838745117188, 27.7554321289063, 1.07228422164917, 7.04141235351563, 6.38589239120483, 53.0155792236328, 34.1627731323242, 25.5560188293457, 22.8609962463379, 28.1389827728271, 36.7394142150879, 12.9769344329834, 8.95661926269531, 8.54129791259766, 8
11.5480422973633, 49.4655418395996, 50.9878082275391, 42.3324546813965, 45.4957962036133, 27.5483112335205, 0.557077944278717, 7.24237298965454, 6.71092414855957, 51.9609527587891, 33.7825660705566, 23.9487266540527, 20.9583492279053, 25.6595058441162, 36.3586769104004, 13.7305421829224, 9.23597240447998, 8.98478507995605, 8
10.4707431793213, 48.8638153076172, 53.1348114013672, 43.7077941894531, 45.5278663635254, 28.4905605316162, 1.77563941478729, 7.83391094207764, 6.75246906280518, 53.2242584228516, 37.2456436157227, 27.6255874633789, 23.5687198638916, 28.3605842590332, 36.5726890563965, 13.8680782318115, 9.34352684020996, 9.20950794219971, 8
11.5006408691406, 46.7887496948242, 50.6852416992188, 42.7921447753906, 44.3123168945313, 27.4153747558594, 1.67456197738647, 7.07004833221436, 6.92234563827515, 54.1969909667969, 36.5877571105957, 28.151762008667, 23.9260349273682, 28.67018699646, 36.7573623657227, 12.9251260757446, 9.20901679992676, 8.90748119354248, 8
13.5179262161255, 52.0533027648926, 54.0917167663574, 45.5165596008301, 44.9188117980957, 25.4120693206787, 1.20836555957794, 8.84864234924316, 7.97708034515381, 62.3129806518555, 35.1919937133789, 32.5266151428223, 28.998083114624, 34.8585739135742, 40.9895095825195, 10.3429012298584, 9.13239002227783, 7.65188646316528, 8
11.5531587600708, 52.1250762939453, 52.4875717163086, 44.5919952392578, 44.8555755615234, 26.0685634613037, 0.814693510532379, 8.64949417114258, 7.70296096801758, 62.4126205444336, 36.0103492736816, 33.1718826293945, 30.8936748504639, 37.8580780029297, 40.8236618041992, 10.0760669708252, 8.41139125823975, 7.0650806427002, 8
13.8834295272827, 50.9836845397949, 57.7122001647949, 49.3950500488281, 52.6207962036133, 24.7010192871094, 4.05482625961304, 8.564284324646, 6.04665851593018, 63.2138137817383, 33.7616539001465, 27.9127616882324, 24.48903465271, 29.5939788818359, 41.4083976745605, 11.4363689422607, 9.90567779541016, 8.38880920410156, 8
68.5890274047852, 148.612350463867, 149.003387451172, 148.980377197266, 149.961547851563, 144.676742553711, 6.12435913085938, 8.8272590637207, 11.5019598007202, 5.14962863922119, 39.0059394836426, 45.8172378540039, 40.6729469299316, 38.0913276672363, 30.8972072601318, 8.65221881866455, 6.60417222976685, 9.65748500823975, 9
69.1107482910156, 148.586364746094, 148.981094360352, 149.029006958008, 149.945236206055, 144.51335144043, 6.19950866699219, 8.82550048828125, 11.5090990066528, 4.62046003341675, 41.6460456848145, 47.0193977355957, 41.8584518432617, 39.0793609619141, 31.1592597961426, 7.91504859924316, 6.53182888031006, 9.6136589050293, 9
68.8218383789063, 146.185211181641, 146.906997680664, 147.246383666992, 148.410781860352, 146.132965087891, 5.65010404586792, 8.75748443603516, 11.4909420013428, 6.98319911956787, 46.0195007324219, 46.3466415405273, 40.9120941162109, 38.7997741699219, 33.5671882629395, 5.91489887237549, 6.69515419006348, 9.62295818328857, 9
68.4675598144531, 146.604141235352, 147.33659362793, 147.318359375, 148.358291625977, 146.230804443359, 5.9620680809021, 8.71557426452637, 11.8360118865967, 5.98913192749023, 45.0668754577637, 47.7064590454102, 42.6962356567383, 39.8901023864746, 33.2471656799316, 6.20617723464966, 6.45667505264282, 9.74114036560059, 9
68.6376037597656, 146.349899291992, 147.236618041992, 147.294937133789, 148.412567138672, 146.088272094727, 5.75227451324463, 8.74242115020752, 11.7276134490967, 5.10818004608154, 42.8114051818848, 47.2750091552734, 42.5788383483887, 40.5863037109375, 32.0452842712402, 7.00028514862061, 5.84801054000854, 8.81507778167725, 9
68.8432922363281, 146.651123046875, 147.487579345703, 147.668075561523, 148.694152832031, 146.01057434082, 5.73046016693115, 8.73439598083496, 11.6091260910034, 5.5132040977478, 44.5652770996094, 47.0413284301758, 42.2829399108887, 40.1363983154297, 33.0036964416504, 6.19767379760742, 6.08037948608398, 9.12896823883057, 9
68.3431854248047, 146.426773071289, 147.29899597168, 147.323196411133, 148.451690673828, 146.021408081055, 5.67668151855469, 8.76400947570801, 11.6536235809326, 5.17123317718506, 45.4485778808594, 48.706901550293, 43.8055114746094, 41.0366592407227, 33.2139282226563, 6.19457340240479, 6.14796924591064, 9.35250473022461, 9
68.3490676879883, 145.876129150391, 146.867980957031, 146.920455932617, 148.060592651367, 146.606796264648, 5.71010780334473, 8.74857521057129, 11.8488245010376, 5.24056243896484, 40.5784301757813, 47.5830917358398, 42.6040687561035, 39.4263954162598, 32.1586990356445, 7.99065256118774, 6.34708738327026, 9.72400951385498, 9
67.5227203369141, 147.836807250977, 148.42366027832, 148.34765625, 149.38102722168, 145.095596313477, 5.94685888290405, 8.80236625671387, 11.6664323806763, 5.60434007644653, 45.2926597595215, 47.1214218139648, 42.0803146362305, 39.783618927002, 32.9332237243652, 5.97700929641724, 6.41092872619629, 9.46416854858398, 9
79.8246002197266, 147.657028198242, 145.083465576172, 146.761749267578, 147.165756225586, 143.315216064453, 7.05527210235596, 9.58521270751953, 12.3710498809814, 8.7712459564209, 35.3818206787109, 26.4047966003418, 20.3187065124512, 21.3555774688721, 27.1343040466309, 10.071967124939, 10.8530769348145, 16.0470275878906, 9
79.952392578125, 148.539611816406, 146.011367797852, 147.594116210938, 147.84797668457, 142.464630126953, 7.22047901153564, 9.77175235748291, 12.5569744110107, 7.45750951766968, 34.0563278198242, 26.2457275390625, 20.8121356964111, 21.7586288452148, 26.6176776885986, 9.66145324707031, 10.3785438537598, 15.7407541275024, 9
79.6966323852539, 149.168807983398, 146.548156738281, 148.04557800293, 148.33235168457, 141.653686523438, 7.39194202423096, 9.82228946685791, 12.6538543701172, 8.1303071975708, 35.4367408752441, 25.3393516540527, 19.2380561828613, 20.4818782806396, 26.7866973876953, 10.7299604415894, 10.9607744216919, 16.0649795532227, 9
80.0907516479492, 148.827072143555, 146.244674682617, 147.803039550781, 148.035537719727, 142.112258911133, 7.28943824768066, 9.72688007354736, 12.5763902664185, 8.85101699829102, 34.5961112976074, 25.2747135162354, 18.9629402160645, 20.1058540344238, 26.6863441467285, 10.4061851501465, 11.1788549423218, 16.5854682922363, 9
79.6067886352539, 148.852798461914, 146.052612304688, 147.51091003418, 147.818710327148, 142.680541992188, 7.12309598922729, 9.7928581237793, 12.6286840438843, 8.71264457702637, 33.9190406799316, 24.9790019989014, 18.968729019165, 20.1131229400635, 26.7402820587158, 10.4157285690308, 10.9220190048218, 16.3201332092285, 9
79.489875793457, 148.952255249023, 146.424957275391, 147.853378295898, 148.194396972656, 142.142974853516, 7.21789693832397, 9.74735546112061, 12.5161142349243, 9.02085971832275, 35.3196067810059, 25.9682731628418, 19.1034641265869, 20.5958061218262, 27.7202033996582, 11.0312652587891, 11.2224044799805, 15.6002216339111, 9
79.4592056274414, 148.667236328125, 146.240600585938, 147.797454833984, 148.052658081055, 142.092330932617, 7.41309452056885, 9.81814384460449, 12.4790124893188, 8.4622278213501, 35.7954788208008, 26.9113998413086, 19.5583515167236, 20.9595031738281, 27.6931228637695, 10.7702035903931, 11.28981590271, 15.202751159668, 9
80.0414123535156, 147.976547241211, 145.396835327148, 147.074234008789, 147.417739868164, 143.441467285156, 7.11573886871338, 9.6672306060791, 12.4964799880981, 8.11977195739746, 34.4493446350098, 27.1221694946289, 19.7300224304199, 20.9667205810547, 27.2220420837402, 10.2388105392456, 11.3206510543823, 15.2999238967896, 9
80.0390090942383, 148.270309448242, 145.842864990234, 147.451461791992, 147.804931640625, 142.761322021484, 7.25966262817383, 9.72138023376465, 12.520037651062, 8.29793930053711, 34.6700744628906, 27.4355640411377, 19.9353160858154, 21.1088008880615, 27.3897590637207, 10.1691989898682, 11.3112173080444, 15.1912727355957, 9
79.4573440551758, 148.774536132813, 146.468978881836, 148.01203918457, 148.309661865234, 142.265228271484, 7.22134780883789, 9.92957210540771, 12.4932765960693, 7.3924994468689, 31.9967308044434, 27.066707611084, 20.4522571563721, 21.9280376434326, 26.6420383453369, 9.45847606658936, 10.5208740234375, 14.3183937072754, 9
67.5154571533203, 147.471725463867, 148.078414916992, 148.020706176758, 149.105545043945, 145.349533081055, 5.90176105499268, 8.77858924865723, 11.7170238494873, 8.03018188476563, 41.5725708007813, 41.5288887023926, 35.4254531860352, 33.4178733825684, 33.6073265075684, 6.59528732299805, 7.52136135101318, 10.3297681808472, 9
8.41040992736816, 55.8228759765625, 56.7429275512695, 57.4040908813477, 61.5029678344727, 28.3262367248535, 1.94872975349426, 4.56857490539551, 3.85539150238037, 6.77407312393188, 41.9367065429688, 45.5809059143066, 43.5822868347168, 41.0981292724609, 31.0662498474121, 7.66677284240723, 5.45844078063965, 9.86330318450928, 10
8.1419620513916, 56.1758270263672, 56.7243728637695, 57.172794342041, 61.4137268066406, 28.6966915130615, 2.09246706962585, 4.6928973197937, 3.89772200584412, 7.50799131393433, 42.0212326049805, 45.8275032043457, 43.5895652770996, 40.8182373046875, 31.5313453674316, 7.37934970855713, 5.70657157897949, 10.387752532959, 10
8.15550231933594, 55.4342384338379, 56.8315010070801, 57.3450317382813, 62.4938926696777, 28.5307788848877, 1.89351558685303, 4.44113445281982, 3.50715923309326, 6.66497373580933, 43.2991104125977, 46.1353073120117, 44.2466659545898, 42.7898483276367, 30.7384223937988, 6.91690349578857, 5.17702674865723, 8.93296337127686, 10
8.54021739959717, 56.8787460327148, 58.8123588562012, 58.9137001037598, 63.9216499328613, 28.6231269836426, 2.1329493522644, 4.56201028823853, 3.24032974243164, 6.38926887512207, 47.2473526000977, 50.1443977355957, 47.3658180236816, 44.7574806213379, 34.0597534179688, 4.57183265686035, 5.33292627334595, 9.11546230316162, 10
8.32873916625977, 56.5337791442871, 56.699649810791, 56.9443016052246, 61.2445640563965, 29.0747890472412, 2.08440756797791, 4.4376049041748, 3.85274958610535, 6.38573884963989, 49.0391006469727, 52.1446838378906, 48.9048309326172, 45.8130187988281, 35.4046325683594, 3.51468753814697, 5.43310737609863, 9.01783180236816, 10
7.64847469329834, 54.7829933166504, 55.0889549255371, 55.3538055419922, 59.8572692871094, 28.3616275787354, 2.1035680770874, 4.60670375823975, 3.99939036369324, 6.7829270362854, 52.7803039550781, 52.7380447387695, 49.0178909301758, 45.0878829956055, 38.0813102722168, 2.33464527130127, 5.88326549530029, 10.0784482955933, 10
6.81045627593994, 53.3009185791016, 54.0138473510742, 54.5758895874023, 58.5181579589844, 27.5389385223389, 2.07386493682861, 4.92485523223877, 4.73813629150391, 7.19178342819214, 53.2922515869141, 52.9527778625488, 48.8167381286621, 44.9089698791504, 38.5257797241211, 2.10133385658264, 6.08037948608398, 10.1496057510376, 10
6.66356134414673, 54.9286308288574, 52.7004013061523, 53.1459808349609, 56.1754264831543, 28.2084484100342, 3.41581106185913, 5.11710929870605, 5.951735496521, 7.50095701217651, 54.129768371582, 53.3481750488281, 49.666690826416, 46.540584564209, 38.175350189209, 2.35126924514771, 5.72998142242432, 9.4075927734375, 10
6.78205966949463, 54.7606506347656, 51.8872833251953, 52.4440002441406, 55.4992828369141, 28.1913509368896, 3.73758816719055, 5.13160037994385, 6.15841960906982, 7.53728532791138, 54.3366432189941, 53.0810089111328, 49.1557960510254, 46.2126197814941, 37.248966217041, 2.74744558334351, 6.04153394699097, 9.66304016113281, 10
6.63045835494995, 55.8438110351563, 53.0250358581543, 52.971378326416, 56.6211166381836, 28.4959506988525, 3.61812019348145, 5.21766710281372, 5.72395849227905, 8.42380237579346, 55.4825477600098, 53.2179069519043, 49.6344184875488, 46.7907867431641, 38.1241264343262, 3.11325860023499, 5.75615739822388, 9.69130039215088, 10
14.6704044342041, 33.2458648681641, 42.6730422973633, 47.7189750671387, 50.3783569335938, 21.0714454650879, 7.97823619842529, 6.72187423706055, 6.93474578857422, 2.39015507698059, 34.5825347900391, 26.0297107696533, 20.9337120056152, 20.8665561676025, 26.072322845459, 12.0628890991211, 10.629656791687, 14.6047248840332, 10
15.5328502655029, 40.2234191894531, 47.5483474731445, 50.5703926086426, 52.6710205078125, 22.0202465057373, 6.2048192024231, 5.50655317306519, 6.8702974319458, 3.33048963546753, 37.5451393127441, 29.6234245300293, 25.2983055114746, 24.8258686065674, 26.9823226928711, 10.4260749816895, 9.59787940979004, 13.4006776809692, 10
14.8869552612305, 40.4681282043457, 46.0281753540039, 49.219799041748, 51.4277877807617, 22.8654613494873, 4.82478809356689, 5.37319326400757, 6.66720962524414, 4.44338321685791, 38.1137657165527, 30.0252685546875, 25.4433822631836, 24.6737995147705, 27.3339424133301, 10.5458688735962, 9.68226909637451, 13.5960874557495, 10
15.7625799179077, 42.2248344421387, 47.2195281982422, 49.4729347229004, 52.2191848754883, 22.4362621307373, 4.19591331481934, 5.38910675048828, 6.5685920715332, 4.71052074432373, 41.001335144043, 33.9152450561523, 28.0467395782471, 25.7109889984131, 31.7236671447754, 8.72541809082031, 9.6137809753418, 13.0017309188843, 10
15.9863166809082, 46.2298316955566, 51.7215042114258, 53.4920234680176, 55.6846542358398, 23.8737964630127, 4.68801069259644, 4.90004968643188, 6.23985624313354, 0.985958933830261, 41.4344444274902, 34.4776992797852, 28.2306938171387, 25.312967300415, 31.7153778076172, 9.40646362304688, 10.1223802566528, 13.5869464874268, 10
15.7424535751343, 45.8599243164063, 49.9741172790527, 51.3513259887695, 53.5208473205566, 24.554573059082, 3.71478176116943, 4.91047334671021, 6.29154920578003, 1.69327282905579, 47.0398216247559, 40.9255447387695, 37.6149368286133, 34.9504203796387, 33.4648818969727, 8.60028266906738, 7.79520511627197, 10.9480333328247, 10
16.6471729278564, 46.5531044006348, 51.7061576843262, 53.175422668457, 54.9675674438477, 24.278169631958, 4.28011226654053, 4.96573925018311, 6.75969743728638, 1.36759173870087, 46.2167167663574, 42.9322776794434, 39.2800102233887, 36.5599594116211, 34.5602378845215, 7.93783140182495, 7.11582136154175, 10.0055122375488, 10
16.0328502655029, 43.6715469360352, 47.4066467285156, 48.9892768859863, 50.550178527832, 23.9474048614502, 2.94450521469116, 5.21188068389893, 7.34926986694336, 3.34878015518188, 42.4208602905273, 42.7585144042969, 38.4750137329102, 34.0944862365723, 34.2460021972656, 8.00944805145264, 7.738929271698, 11.5256052017212, 10
11.6660442352295, 40.6531639099121, 41.9820137023926, 43.3811225891113, 46.7262306213379, 24.6375179290771, 0.507834076881409, 5.9526572227478, 7.05416011810303, 5.68199634552002, 43.0221519470215, 50.4588394165039, 44.2456512451172, 37.7781982421875, 36.2644119262695, 7.8052453994751, 8.56914520263672, 11.2184209823608, 10
12.0860872268677, 40.7537727355957, 44.4948120117188, 45.4446678161621, 46.3765754699707, 25.9415721893311, 2.08130693435669, 5.19859313964844, 7.34772109985352, 2.35966181755066, 42.6928596496582, 41.5450668334961, 39.5125617980957, 36.1786651611328, 34.2004508972168, 7.72268199920654, 6.56306648254395, 10.3362989425659, 10