59.40927, 148.4462, 147.538, 147.6497, 149.3008, 152.574, 2.303078, 9.072443, 10.93387, 50.51312, 152.8297, 149.8195, 150.2057, 150.0309, 149.3782, 3.920764, 9.012863, 9.368274, 0
62.33798, 146.9624, 146.4716, 146.4662, 148.1802, 153.0986, 1.903823, 9.134305, 11.10348, 52.3268, 152.0411, 148.4747, 149.1424, 149.3762, 150.7578, 4.702696, 8.933953, 9.566121, 0
61.4049, 146.6705, 145.6753, 145.5838, 147.2906, 153.1232, 1.755243, 9.343422, 10.85496, 50.51425, 152.7829, 149.1697, 149.6153, 149.4406, 150.7445, 4.826088, 8.815902, 9.580413, 0
61.1866, 147.8017, 147.1805, 146.8016, 149.0765, 153.1913, 1.496979, 9.444855, 11.83626, 50.71538, 155.7252, 151.3728, 151.0615, 150.8912, 148.0974, 5.441289, 9.034636, 10.0083, 0
61.32431, 146.7822, 145.4967, 145.2274, 147.5627, 154.287, 2.337996, 9.369596, 11.74979, 52.86454, 154.6108, 150.208, 149.8773, 149.6439, 148.7684, 5.185574, 8.997394, 9.617277, 0
60.80069, 148.4883, 146.3451, 146.1868, 147.9551, 152.7975, 2.796104, 9.371881, 11.39734, 54.85183, 154.4637, 149.9487, 149.6846, 149.7258, 146.8003, 5.771902, 9.196631, 9.762492, 0
61.30023, 147.2586, 145.7568, 145.4124, 147.4156, 152.2697, 2.608495, 9.382948, 11.15941, 52.28864, 154.0316, 150.2301, 149.8385, 150.0734, 148.5481, 5.025391, 9.072768, 9.980085, 0
61.43211, 147.6024, 145.7655, 145.4701, 147.5459, 152.8186, 2.806655, 9.466017, 11.57714, 52.73908, 153.204, 149.4536, 149.0468, 148.965, 148.9603, 5.277523, 9.035137, 9.673697, 0
61.6523, 147.3944, 145.9196, 145.3284, 147.3061, 152.6178, 2.281561, 9.406214, 11.50258, 53.54841, 154.039, 150.0802, 149.6991, 149.798, 147.8804, 5.085615, 9.059027, 9.79348, 0
61.45788, 147.1962, 145.9643, 145.8302, 147.8243, 153.519, 2.15004, 9.247773, 11.48329, 55.88007, 154.883, 150.258, 149.5312, 149.5396, 146.7711, 5.73798, 9.137424, 9.834333, 0
63.49596, 149.3029, 146.8563, 146.4354, 148.4906, 149.4042, 3.136002, 9.790749, 11.62175, 49.73631, 160.0186, 150.4283, 150.2382, 149.5644, 145.1289, 9.115031, 9.365819, 10.00699, 0
63.11034, 148.9192, 147.3949, 147.0405, 148.6227, 150.8115, 2.561702, 9.579798, 10.93256, 47.90488, 157.9211, 149.0842, 148.6245, 148.4279, 147.558, 9.542686, 9.43161, 10.40407, 0
61.21386, 148.1365, 146.3964, 146.0597, 147.66, 152.4241, 2.393019, 9.372553, 10.9813, 45.97749, 161.3764, 150.9139, 151.0138, 150.4543, 142.533, 11.44415, 9.357148, 9.699818, 0
63.94122, 148.1488, 146.2407, 145.9244, 147.6849, 152.3757, 2.298825, 9.532566, 11.28102, 48.47718, 161.6673, 153.3862, 153.3942, 152.4172, 142.9213, 8.731899, 9.47434, 9.798638, 0
61.05384, 149.8772, 147.6291, 147.5996, 149.1516, 151.2931, 2.21629, 9.427337, 10.84491, 50.79522, 158.8422, 152.9026, 151.3733, 150.7167, 144.5253, 7.125519, 9.40707, 10.18132, 0
61.24613, 149.6085, 147.5157, 147.0614, 148.4713, 151.9965, 1.985048, 9.247306, 10.94755, 51.64986, 156.125, 150.5835, 149.4379, 149.33, 145.9598, 5.959898, 9.498771, 10.36565, 0
61.90178, 150.678, 148.4102, 148.0702, 149.6429, 150.834, 2.613293, 9.346556, 11.16015, 49.0314, 156.323, 152.2345, 151.4673, 151.0369, 147.2572, 6.043578, 9.484211, 10.19293, 0
62.27259, 146.2144, 144.7473, 144.855, 146.2525, 154.5578, 1.764029, 9.253148, 10.56839, 53.19442, 153.8351, 149.4889, 148.9484, 149.0808, 148.6259, 5.351779, 9.461635, 10.35535, 0
62.44996, 146.8539, 145.1154, 145.2907, 146.996, 153.9148, 2.349354, 9.195414, 11.01006, 47.74542, 158.0755, 151.8466, 152.228, 151.6882, 144.3929, 7.971541, 9.424375, 9.715513, 0
59.71552, 146.6216, 146.6168, 146.7635, 148.1392, 153.5135, 0.8602557, 9.259985, 10.38021, 48.2729, 157.8559, 151.2026, 151.4349, 150.6431, 144.1503, 8.54369, 9.384686, 9.345882, 0
14.48444, 67.50847, 54.58859, 51.811, 50.68059, 52.04512, 11.81051, 6.897508, 10.67273, 61.07595, 139.6054, 142.7599, 142.0736, 143.6218, 158.2033, 1.992527, 9.296925, 10.49706, 1
15.14717, 68.47742, 54.0787, 51.65423, 50.70491, 50.35067, 12.58196, 7.643983, 10.13659, 61.59005, 139.5377, 142.474, 141.7871, 143.2645, 157.8719, 1.799832, 9.259114, 10.4293, 1
15.62169, 67.07106, 53.20103, 50.45037, 48.88702, 49.86423, 11.57762, 7.89404, 10.61509, 61.32715, 140.1409, 142.4587, 141.37, 142.9155, 157.0527, 2.078202, 9.187952, 10.11674, 1
20.44914, 60.78843, 50.53926, 48.55962, 44.44149, 44.31857, 8.395899, 7.880103, 13.81831, 61.04074, 139.8817, 142.2761, 141.0268, 142.6303, 157.1092, 2.267881, 9.205943, 10.05485, 1
16.96991, 52.02066, 42.56426, 35.94479, 31.49117, 42.17258, 8.865854, 10.78237, 15.01881, 60.10929, 141.5019, 143.4443, 142.3741, 143.7715, 155.9946, 1.275182, 9.123587, 10.34448, 1
10.52441, 47.9136, 31.47203, 22.19821, 19.55442, 40.86892, 13.32527, 13.18763, 15.96899, 60.3646, 141.6417, 143.6347, 142.3802, 143.8229, 156.0338, 0.798929, 9.211812, 10.38279, 1
14.65143, 52.61304, 37.71144, 29.48143, 26.37485, 39.77899, 12.05924, 12.23275, 15.03768, 59.17369, 141.5297, 143.4884, 142.2229, 143.6488, 156.2761, 0.7116191, 9.149803, 10.24206, 1
14.79211, 49.1438, 34.98676, 27.7342, 25.84602, 38.51642, 11.53831, 11.70427, 14.30311, 60.29495, 140.3179, 143.1274, 141.7689, 143.151, 156.9377, 1.976254, 8.964184, 10.10784, 1
15.83773, 49.82583, 38.75403, 32.44422, 30.40409, 38.74224, 9.682755, 10.97643, 13.89891, 60.72328, 139.1932, 142.1788, 140.999, 142.6599, 156.7921, 2.25038, 9.078137, 10.05813, 1
16.09418, 50.33033, 39.83775, 33.77852, 32.11078, 40.39543, 9.25559, 10.69513, 13.32556, 61.4991, 140.3402, 142.6658, 141.273, 142.8456, 155.8935, 1.613012, 9.242034, 10.2181, 1
30.07293, 80.41899, 84.89074, 86.99854, 86.27039, 42.29041, 3.952501, 2.550368, 4.079623, 66.07639, 141.7836, 142.6582, 143.9075, 147.2318, 150.7488, 2.20096, 8.000743, 7.278961, 1
29.92202, 80.50466, 80.4286, 82.88859, 85.46435, 40.90541, 2.853893, 3.004656, 0.7878303, 66.8292, 140.634, 141.6531, 143.2092, 146.6546, 151.4207, 2.89935, 7.479711, 6.774739, 1
33.71851, 83.99487, 85.74798, 88.26114, 86.69542, 43.10598, 2.816333, 2.829301, 4.038421, 67.33141, 138.2214, 138.8632, 141.69, 145.3826, 153.8797, 3.2126, 7.301084, 7.172445, 1
32.80868, 84.60431, 85.01069, 87.31648, 87.2294, 43.2804, 3.579819, 2.405582, 3.047739, 67.8586, 140.261, 140.3036, 142.1696, 146.2896, 151.9283, 3.962497, 7.737179, 6.951047, 1
31.44115, 82.03104, 82.10978, 84.30438, 82.75389, 42.28635, 2.996435, 2.87712, 3.946006, 69.11718, 138.252, 139.3425, 141.4818, 145.4984, 151.9259, 4.024382, 7.519848, 7.258501, 1
23.70314, 74.50758, 75.23036, 78.1352, 78.28867, 38.74991, 2.420022, 3.810639, 3.012789, 68.81858, 137.1634, 137.3576, 140.3791, 144.9868, 153.3993, 4.699696, 7.295545, 6.886893, 1
20.38532, 76.01386, 75.19196, 78.3933, 77.91838, 41.49838, 1.937045, 4.17556, 3.341054, 66.99632, 139.062, 139.4091, 142.4287, 146.492, 153.0057, 3.458306, 7.547614, 7.252985, 1
22.16868, 75.56575, 73.49188, 76.07761, 76.03144, 41.06996, 2.701753, 3.529974, 3.076062, 66.5543, 139.7052, 138.4977, 141.6124, 145.7874, 152.2554, 4.167626, 7.679255, 7.392288, 1
22.91389, 75.54418, 72.24194, 73.04025, 74.20644, 39.40549, 3.025368, 3.321071, 2.907711, 66.74246, 138.9111, 137.6311, 140.7999, 145.2094, 152.783, 4.201604, 7.458589, 7.253769, 1
22.92776, 73.43071, 71.69774, 72.68905, 73.06456, 39.28391, 2.463945, 3.265487, 3.832467, 69.47791, 136.6679, 137.7148, 140.8502, 144.9327, 153.5375, 4.049317, 7.275105, 7.638101, 1
51.30056, 143.8458, 142.1292, 143.018, 144.9742, 146.7827, 4.283314, 7.623545, 6.784112, 84.54581, 25.77123, 150.3939, 151.1392, 152.3535, 14.83859, 155.711, 12.08025, 13.46432, 2
52.84777, 143.6066, 141.039, 141.8746, 143.9427, 146.275, 5.306663, 8.126298, 8.160652, 71.66046, 16.02599, 145.6111, 142.9008, 142.7253, 14.79988, 166.0971, 10.55635, 12.32525, 2
53.47458, 143.1541, 141.0607, 141.9467, 144.3519, 146.333, 4.742062, 7.609244, 6.992351, 62.11345, 17.85709, 151.2703, 149.9521, 149.7625, 12.56172, 164.5433, 11.61164, 12.74583, 2
51.9072, 145.4508, 140.4479, 141.0521, 143.5845, 147.5933, 7.444764, 6.552989, 6.04614, 65.95286, 18.53748, 150.2166, 147.5376, 147.6034, 11.30277, 162.1466, 11.55161, 12.69791, 2
51.01588, 144.6642, 140.7499, 141.7092, 144.0237, 146.822, 5.962759, 6.987046, 6.646529, 64.97293, 16.57889, 151.782, 150.294, 150.5851, 13.10916, 163.399, 11.83062, 12.84712, 2
53.42685, 142.6854, 140.3909, 141.1549, 143.4447, 148.5297, 3.770138, 7.939464, 7.203314, 67.16189, 14.88492, 152.7151, 153.1573, 155.7788, 12.2553, 165.0396, 11.77726, 12.94221, 2
52.48692, 142.4832, 140.4754, 141.4518, 144.1006, 147.4736, 4.527921, 6.945514, 6.776071, 65.12831, 13.43362, 153.6774, 154.0038, 156.417, 15.16486, 167.7018, 11.82427, 12.92473, 2
64.20383, 135.3215, 134.6759, 135.9647, 139.0742, 151.245, 2.555658, 9.428442, 9.445853, 67.29984, 15.73168, 150.8966, 150.3208, 150.8267, 13.72104, 165.085, 11.87788, 12.83194, 2
61.88421, 140.2108, 142.0721, 141.4795, 143.0578, 150.8179, 2.122279, 9.156157, 10.77483, 67.20987, 16.15689, 151.3126, 150.488, 151.1865, 13.85044, 164.5639, 12.1738, 12.93305, 2
52.24274, 141.1874, 144.6068, 143.6035, 146.205, 148.4254, 1.135566, 7.553929, 7.737179, 65.01264, 16.18428, 151.9326, 151.1871, 151.7189, 14.33792, 163.8706, 11.92815, 12.80344, 2
56.12291, 151.0939, 141.7287, 142.246, 143.0874, 150.7196, 4.761438, 8.311794, 9.206434, 51.51207, 29.62588, 157.9589, 155.4577, 156.8951, 13.08776, 137.9617, 8.526662, 11.47942, 2
59.27175, 147.3242, 140.5735, 141.2158, 142.1224, 152.3191, 3.459155, 7.935408, 9.160857, 49.47406, 43.10849, 156.5782, 154.8994, 156.1483, 8.145916, 144.2156, 8.950278, 12.04423, 2
58.33934, 145.8999, 139.6842, 140.2591, 141.5999, 152.4125, 3.568425, 8.057491, 9.158325, 53.18248, 39.16594, 157.3525, 155.9963, 157.1154, 3.012399, 147.5493, 9.077986, 12.2426, 2
58.64964, 148.1883, 141.0369, 140.9741, 142.1448, 151.8376, 3.286642, 8.587461, 9.529039, 52.26487, 37.35564, 157.2822, 155.7664, 157.5192, 1.877218, 149.671, 9.234461, 11.33838, 2
56.17855, 144.0921, 138.8508, 140.7831, 141.4386, 153.4326, 3.706391, 7.935384, 8.958067, 61.68158, 24.28555, 155.9617, 156.5991, 157.8403, 5.442297, 148.6727, 9.250493, 12.11557, 2
57.88802, 134.2008, 138.4348, 139.0936, 140.4491, 155.4985, 3.536845, 8.18825, 8.516061, 45.40648, 25.68676, 155.1516, 152.7349, 154.0856, 6.59719, 146.2917, 9.158239, 9.422019, 2
59.79963, 134.8775, 138.0853, 138.8499, 140.4961, 157.9335, 3.420737, 7.85148, 9.768473, 54.28512, 29.21902, 152.5066, 152.8517, 153.0118, 6.715364, 144.1303, 9.69477, 9.797976, 2
65.49802, 132.3936, 134.8338, 135.8729, 137.9705, 159.3549, 2.210808, 7.764325, 9.588391, 53.90919, 28.01839, 152.0204, 150.4563, 151.5511, 6.361065, 144.1644, 9.433506, 9.110654, 2
62.17146, 132.7272, 134.3933, 135.8422, 137.6614, 159.2523, 2.571387, 8.316446, 8.891167, 55.96555, 30.09816, 150.526, 151.0183, 151.7415, 8.03717, 145.6485, 9.313694, 9.193233, 2
63.06705, 131.692, 134.6899, 136.6914, 138.3521, 159.4438, 2.577698, 6.203713, 8.163491, 55.00552, 23.82586, 150.9985, 150.9291, 152.4045, 2.237734, 151.0066, 9.172411, 9.120786, 2
11.21537, 50.76479, 51.64589, 51.89938, 50.70478, 28.69553, 5.624795, 6.523117, 8.039759, 54.04218, 17.47748, 168.437, 166.0661, 166.342, 19.9642, 148.5981, 10.89968, 13.59067, 3
15.40943, 57.87326, 55.35403, 54.0646, 56.85532, 37.75341, 6.30935, 6.671091, 8.404314, 54.41261, 15.62843, 166.5918, 165.5368, 165.4996, 19.25729, 150.0656, 10.50139, 13.88842, 3
13.83493, 62.46129, 57.44876, 56.17197, 59.01672, 44.81564, 7.324399, 5.922285, 7.32788, 55.61605, 23.91984, 163.1898, 161.8404, 161.9465, 14.7357, 145.1522, 10.68445, 14.04804, 3
10.19142, 60.64231, 54.26326, 50.72072, 52.13745, 50.41245, 8.627234, 6.822598, 8.404127, 60.1893, 19.92083, 167.1292, 165.4676, 165.9178, 21.12211, 149.7952, 11.1207, 14.64957, 3
20.18233, 61.29371, 56.67269, 52.93895, 53.59761, 44.79836, 8.421984, 7.512903, 8.336515, 56.9399, 18.93227, 166.4086, 164.207, 164.7103, 20.12556, 149.1839, 10.87726, 13.90294, 3
18.09627, 59.35124, 53.02163, 48.95111, 51.33715, 44.63336, 10.0472, 8.096964, 9.182303, 56.54753, 20.00851, 165.9804, 164.2803, 164.3426, 18.90689, 148.0979, 10.96905, 14.04801, 3
17.07799, 61.17617, 55.81154, 50.71316, 51.59577, 44.79856, 9.451138, 8.326877, 8.871059, 56.21275, 20.26316, 167.0783, 164.5631, 164.9511, 19.61167, 147.278, 11.18183, 14.05394, 3
23.3438, 65.90703, 58.8399, 54.61181, 56.86323, 46.73576, 10.56002, 7.77872, 9.595996, 57.38002, 18.58939, 164.9496, 163.8963, 163.9474, 19.89003, 150.1912, 10.67724, 13.91719, 3
12.59153, 60.27312, 54.37114, 50.51235, 52.79424, 46.75245, 9.050715, 7.035448, 7.264877, 56.30468, 18.58626, 168.6504, 165.9777, 166.1933, 21.24035, 149.0253, 11.04404, 14.1105, 3
14.46258, 60.67634, 54.63884, 50.7716, 52.45807, 45.17635, 9.29813, 7.649244, 7.811831, 56.82212, 24.39446, 165.1931, 162.9105, 163.2624, 16.13456, 144.8309, 11.01707, 13.89511, 3
5.965158, 76.25273, 65.64394, 58.70659, 59.75544, 53.47268, 13.44724, 7.780033, 7.519457, 48.38746, 35.70783, 156.8769, 155.0229, 156.078, 11.17212, 134.8893, 10.09473, 12.72269, 3
4.583642, 63.52298, 66.42181, 65.24931, 62.67654, 47.98729, 3.014478, 5.432097, 6.333387, 48.74495, 38.27372, 156.0358, 154.9272, 155.5629, 12.51236, 135.2269, 9.901866, 12.49468, 3
4.289117, 64.86235, 69.40139, 68.04301, 64.36056, 48.43127, 2.127621, 4.911232, 6.35033, 48.73624, 37.83398, 156.7546, 155.7387, 156.2001, 12.92149, 134.818, 9.941427, 12.47104, 3
7.346251, 33.34933, 75.76501, 71.04018, 68.74656, 33.77707, 30.83555, 3.232103, 5.278154, 48.36603, 38.26596, 156.1978, 154.7867, 155.4718, 12.36676, 134.9665, 9.960261, 12.41784, 3
7.930509, 31.52609, 76.77744, 69.27106, 66.9841, 35.45689, 33.07661, 3.216802, 5.7504, 47.59614, 41.50105, 156.2578, 154.9356, 155.5514, 15.67945, 131.8776, 10.0162, 12.47702, 3
6.073185, 34.96559, 69.76646, 67.12997, 64.80937, 34.61035, 24.59122, 4.40291, 5.94122, 48.16573, 30.68544, 157.7756, 155.6618, 156.7439, 9.21484, 136.3307, 10.0489, 12.54302, 3
7.341389, 40.36369, 64.44291, 67.39434, 64.66557, 33.92304, 17.18035, 5.947979, 6.45546, 47.89129, 35.00718, 156.8969, 155.2094, 155.9511, 9.711506, 136.8762, 9.872748, 12.41062, 3
8.405063, 57.09113, 51.10039, 56.99127, 59.17633, 35.43287, 7.235923, 7.634143, 8.151698, 47.42928, 32.21786, 157.1362, 155.3331, 156.1607, 8.414566, 137.0957, 9.841768, 12.36525, 3
5.53704, 51.16266, 36.14816, 42.93673, 51.58586, 30.74611, 13.82025, 10.19526, 10.58469, 47.19776, 29.99061, 156.5487, 155.0886, 156.0361, 7.712815, 137.4082, 9.804777, 12.40822, 3
5.424444, 57.30286, 31.4184, 38.50026, 54.55385, 31.93055, 21.73706, 11.57142, 14.41399, 47.32563, 31.62229, 156.8219, 155.1608, 156.1941, 8.871657, 136.6958, 9.880375, 12.40559, 3
60.80913, 143.1899, 145.6578, 145.7494, 148.4783, 149.2186, 1.459113, 8.761992, 8.487416, 65.75725, 6.885041, 20.33766, 175.4743, 177.9212, 44.59328, 16.31314, 131.6003, 12.85951, 4
61.25372, 143.0531, 145.7881, 145.8028, 148.391, 148.5689, 1.115398, 8.595371, 7.96659, 66.64085, 8.26731, 21.18475, 173.2684, 175.7788, 43.27262, 15.19187, 131.1146, 12.71101, 4
62.82093, 141.0042, 143.4602, 143.6608, 146.5569, 150.153, 0.2866737, 8.428837, 7.723724, 65.81037, 6.971898, 14.09071, 174.6455, 177.288, 42.83499, 13.75341, 132.4065, 12.66484, 4
62.34793, 141.7197, 144.174, 144.2349, 147.053, 149.4347, 0.6437659, 8.503759, 7.904253, 66.37078, 7.690798, 16.92704, 174.7665, 177.3927, 42.7145, 14.82743, 131.7169, 12.56044, 4
63.19013, 141.7869, 144.4595, 144.4832, 147.4577, 149.7291, 0.9460534, 8.593429, 8.603273, 66.24037, 7.992298, 22.01417, 172.5136, 173.4862, 41.32578, 14.66467, 132.2686, 11.54599, 4
62.47767, 141.0348, 143.9877, 144.1787, 147.1839, 150.0028, 0.3208161, 8.330413, 8.035363, 65.70246, 17.63353, 28.59573, 169.6473, 170.068, 38.36853, 14.95882, 134.9317, 10.84304, 4
62.68364, 141.2252, 143.6973, 143.862, 146.9596, 149.6479, 0.8420942, 8.241835, 7.800818, 63.40711, 19.47489, 26.39198, 169.4751, 170.227, 37.89756, 15.81383, 136.2493, 11.14618, 4
62.55767, 141.2862, 144.0566, 144.1136, 146.9796, 148.943, 0.7778319, 8.316635, 7.586256, 66.05637, 20.81478, 25.59158, 167.8973, 168.0285, 36.42278, 12.81911, 138.9852, 10.55335, 4
62.0232, 141.0246, 143.9392, 144.1514, 147.0557, 149.119, 0.6982957, 8.177957, 7.232912, 65.98692, 20.90963, 28.93152, 166.9228, 166.9896, 32.86163, 8.111789, 135.2438, 10.32011, 4
62.60769, 141.0552, 143.5328, 143.8334, 146.7127, 149.9969, 0.4427898, 8.271893, 7.671584, 66.30269, 19.79255, 26.34697, 168.4611, 168.5143, 33.54866, 6.097926, 136.182, 10.8425, 4
71.75819, 132.3389, 133.8199, 137.1949, 141.0441, 152.132, 2.321699, 8.546839, 5.436461, 63.75262, 26.29193, 34.09349, 169.4419, 172.16, 39.59287, 9.321478, 128.1616, 13.53609, 4
71.43176, 132.2681, 133.7285, 137.1612, 141.0721, 152.0194, 2.355345, 8.535824, 5.432675, 62.6069, 25.15913, 32.59696, 170.9913, 173.7229, 38.90199, 11.46501, 127.2744, 13.40578, 4
71.43035, 132.4549, 134.1064, 137.5314, 141.4025, 152.2471, 2.246899, 8.346827, 5.544291, 63.70204, 28.1545, 33.79845, 167.7397, 170.154, 38.9089, 9.593966, 127.0954, 13.10133, 4
72.25446, 132.0976, 133.699, 136.9644, 140.8374, 152.0517, 2.212224, 8.846421, 5.62124, 62.85018, 27.43847, 35.13259, 168.2854, 170.8664, 38.84188, 10.09664, 127.5035, 13.23876, 4
72.66602, 131.9727, 133.6358, 136.8462, 140.8936, 151.9275, 2.612844, 7.898862, 5.601786, 63.89474, 25.77452, 28.3014, 170.4916, 173.2475, 38.57055, 10.38131, 129.8809, 13.27287, 4
71.44219, 132.0878, 133.6955, 137.1684, 141.0612, 151.8888, 2.509519, 8.070273, 5.346065, 63.7608, 27.09341, 29.66295, 170.6178, 173.2015, 39.08448, 10.10439, 130.0216, 13.40678, 4
72.366, 131.9262, 133.444, 136.7885, 140.7793, 151.9664, 2.316382, 8.69285, 5.402072, 63.77858, 25.80491, 28.55258, 169.7196, 172.3473, 38.79061, 9.97636, 130.403, 13.38117, 4
71.50345, 132.4688, 133.6437, 137.1436, 141.0342, 151.8555, 2.152496, 8.128109, 5.549273, 63.49692, 25.4849, 29.28103, 169.9848, 172.6872, 38.64096, 10.24939, 130.2784, 13.37428, 4
71.69417, 132.2343, 133.6836, 136.8861, 140.798, 152.1125, 2.210277, 8.72436, 5.286353, 63.658, 27.76345, 31.15901, 169.4751, 171.8571, 38.58855, 10.21377, 129.562, 13.34744, 4
71.02623, 132.9639, 134.1582, 137.2902, 141.0779, 151.6234, 1.886889, 8.883298, 5.52109, 63.58289, 25.07461, 30.69091, 170.9255, 173.4706, 38.42154, 10.67687, 129.6264, 13.38081, 4
48.38631, 154.5517, 150.24, 150.2126, 151.9662, 145.9817, 1.1196, 9.283661, 9.562196, 4.862443, 12.69212, 22.37367, 166.5327, 168.6462, 22.67167, 14.70456, 136.2823, 12.15362, 5
46.67284, 156.3064, 151.0135, 150.5311, 152.1664, 144.8086, 2.238608, 9.493036, 9.794744, 7.094175, 13.84933, 23.61577, 166.5518, 168.0621, 22.24882, 14.17537, 135.7369, 11.87024, 5
49.11735, 157.9674, 148.8626, 148.5565, 151.1402, 147.0444, 4.506978, 8.639223, 10.12811, 4.260115, 17.47348, 26.73536, 167.9439, 169.2162, 25.09922, 12.06277, 133.7868, 11.91267, 5
48.84789, 158.4135, 149.3521, 148.9033, 151.4754, 145.834, 4.784832, 8.746734, 10.26433, 3.265068, 16.85429, 25.96759, 168.6313, 170.1735, 24.8187, 12.40577, 133.4763, 12.04236, 5
49.00772, 158.5756, 149.3715, 148.9717, 151.462, 145.4161, 5.053616, 8.720014, 10.12869, 3.07638, 15.40999, 25.29474, 169.09, 170.8466, 24.69644, 12.80201, 132.9539, 12.21232, 5
49.1731, 158.5246, 149.2813, 148.8718, 151.3544, 145.8153, 4.93487, 8.699445, 10.23741, 3.04928, 15.4926, 23.7939, 168.9138, 170.7966, 24.22727, 12.37051, 134.5093, 12.25847, 5
49.20224, 158.9722, 149.4846, 148.958, 151.3773, 144.9146, 5.642398, 8.69337, 10.14018, 3.282947, 15.50467, 23.08683, 169.0385, 170.9949, 23.76334, 12.10151, 135.0363, 12.42199, 5
49.42703, 158.0187, 149.0984, 148.8413, 151.3143, 145.9187, 5.084383, 8.667279, 10.16187, 3.616821, 15.22545, 22.58428, 168.9101, 170.8842, 23.6114, 12.19938, 135.4337, 12.36311, 5
49.69155, 157.8453, 148.7528, 148.8056, 151.4043, 145.0487, 5.612552, 8.615501, 9.731104, 5.033143, 18.14577, 26.08376, 166.6605, 168.1004, 24.106, 11.36212, 134.6567, 12.0159, 5
50.13964, 152.3787, 146.0984, 147.0403, 149.8001, 151.8878, 1.473792, 8.476441, 9.838531, 2.404036, 18.71781, 37.46796, 171.9756, 174.0002, 25.0788, 15.00279, 127.0233, 11.21621, 5
51.97554, 148.0409, 142.6199, 144.5085, 147.5646, 151.722, 0.4187141, 6.63646, 8.93714, 21.20615, 41.47039, 41.94705, 166.7397, 169.7376, 18.13302, 5.74607, 130.1361, 12.0248, 5
51.94476, 147.9191, 142.649, 144.6601, 147.7517, 151.307, 0.4177785, 6.596417, 8.674936, 22.61103, 42.40765, 41.64378, 166.6573, 169.6395, 17.76332, 5.439956, 130.1579, 11.78428, 5
51.83666, 147.9271, 142.5211, 144.6096, 147.7794, 151.2486, 0.3357179, 6.620572, 8.585196, 21.84984, 40.66038, 41.12174, 167.2836, 170.1225, 17.34435, 5.991979, 130.0363, 11.81536, 5
51.74345, 149.2297, 143.2722, 144.909, 147.9015, 151.334, 0.1426525, 6.772857, 8.940767, 17.80698, 33.22267, 38.84558, 170.0555, 173.0666, 16.94336, 8.329258, 128.7028, 12.64556, 5
52.02473, 149.1019, 143.4356, 144.9962, 147.8916, 150.7969, 0.1186941, 6.891192, 9.012667, 15.5137, 32.12648, 38.95626, 169.7588, 172.8544, 16.70712, 9.79328, 128.2434, 13.20239, 5
51.72109, 148.5583, 142.8593, 144.3842, 147.2055, 151.3637, 0.20842, 6.93384, 8.867847, 17.59062, 35.677, 40.76245, 167.8441, 170.5859, 17.32505, 8.498377, 128.3907, 12.43143, 5
51.9495, 148.1922, 142.4182, 143.8856, 146.7424, 151.5355, 0.2017412, 6.935877, 8.728187, 20.4507, 41.45805, 46.57098, 168.5168, 170.5881, 18.56542, 6.523417, 125.0502, 11.68236, 5
52.29506, 148.2707, 142.1714, 143.7801, 146.6631, 151.2579, 0.41543, 6.877203, 8.601744, 27.23277, 40.62589, 47.42148, 168.1482, 169.934, 15.18459, 7.218196, 125.4333, 11.52759, 5
51.98644, 148.0687, 141.9192, 143.8119, 146.798, 151.0543, 0.6513203, 6.700102, 8.306501, 27.15296, 40.164, 50.1793, 167.4821, 167.6513, 16.80856, 5.185158, 126.3769, 11.82888, 5
52.50394, 147.2301, 141.5985, 143.5292, 146.5843, 151.7619, 0.2571706, 6.752411, 8.847266, 29.83156, 44.41286, 55.33051, 165.7738, 167.7771, 14.95931, 5.506624, 124.5782, 11.78773, 5
6.576559, 65.55861, 51.72575, 43.97657, 45.19555, 46.93241, 13.77054, 8.771403, 8.413468, 12.47863, 21.29705, 32.03937, 168.4351, 171.011, 19.07947, 14.98812, 132.9019, 10.8488, 6
6.227055, 65.63142, 51.6982, 43.78529, 44.90555, 47.47326, 13.68945, 8.787133, 8.333735, 11.29716, 21.45924, 31.73247, 169.1751, 171.8143, 20.02834, 14.01751, 132.8997, 10.97298, 6
6.550625, 66.12935, 53.81566, 47.23584, 47.77435, 48.16948, 12.68694, 7.888716, 7.447215, 8.64102, 20.47239, 32.04253, 169.7338, 172.2301, 20.77703, 14.26041, 133.0616, 11.09666, 6
6.453273, 67.46437, 52.51402, 43.40545, 43.63708, 49.65139, 14.58685, 9.252129, 8.507938, 7.029618, 23.06435, 32.81537, 169.0892, 171.7393, 21.10308, 13.48232, 132.6493, 11.25591, 6
5.161258, 66.18581, 48.62286, 41.75296, 43.04517, 47.87058, 15.49586, 8.062679, 8.129921, 7.019733, 24.007, 33.24475, 168.9418, 171.5868, 21.3108, 13.37534, 131.7897, 11.40513, 6
6.26635, 67.69051, 50.16956, 43.08519, 44.25795, 47.02468, 15.72315, 8.08954, 8.07521, 6.871496, 22.46168, 32.55349, 168.3402, 171.0632, 21.59447, 13.79679, 132.3286, 11.51177, 6
5.55485, 67.37895, 49.66394, 42.58529, 44.27657, 47.41467, 15.65805, 8.211452, 8.100745, 8.35938, 21.64894, 31.51103, 168.1362, 171.0166, 20.98757, 13.737, 133.3043, 11.35777, 6
5.669496, 67.89278, 52.12436, 44.46288, 45.47193, 48.38152, 14.60992, 8.429303, 8.247003, 9.461905, 20.68106, 31.19368, 168.4632, 171.1004, 20.8733, 14.05142, 132.5843, 11.18278, 6
5.757009, 67.13695, 53.01107, 45.97306, 47.02623, 47.52273, 13.57237, 8.071733, 7.875094, 8.854768, 20.49228, 32.04676, 168.4008, 171.053, 21.11824, 14.28401, 132.3415, 11.05321, 6
5.610876, 66.68112, 53.74164, 47.74462, 49.12236, 46.88473, 13.02353, 7.620455, 7.466635, 8.756206, 19.85913, 30.77683, 168.976, 171.5909, 21.04907, 14.29421, 132.7887, 11.1184, 6
5.786824, 64.60424, 53.62141, 48.54964, 48.70069, 47.19122, 10.75173, 6.732194, 7.266902, 6.039846, 16.94491, 30.54605, 170.6578, 173.4054, 22.68389, 15.49373, 131.2427, 11.37241, 6
5.936368, 64.26544, 53.73401, 48.6036, 48.71685, 46.77622, 10.3822, 6.771148, 7.405177, 6.557028, 17.09596, 30.34685, 170.6295, 173.3178, 22.48676, 15.52722, 130.9515, 11.35489, 6
5.943331, 64.21294, 53.58163, 48.68274, 48.96836, 46.57209, 10.40944, 6.701712, 7.327559, 6.798696, 17.1094, 30.46029, 170.7081, 173.3149, 22.31297, 15.56966, 130.8764, 11.32528, 6
5.65267, 64.64484, 53.62394, 48.74591, 49.28769, 46.73222, 10.76267, 6.613667, 7.114195, 6.398499, 17.44413, 30.26262, 170.5692, 173.2503, 21.99691, 15.5379, 131.4613, 11.25619, 6
5.439415, 65.44904, 53.88231, 48.83505, 49.96589, 46.68202, 11.29078, 6.53486, 6.682693, 6.607972, 17.24035, 30.0926, 170.7907, 173.3715, 22.29595, 15.44738, 131.0929, 11.24262, 6
5.507727, 64.64651, 51.81601, 47.17101, 48.6723, 46.02441, 11.99559, 6.511051, 6.701917, 6.798465, 16.89282, 30.49236, 171.2783, 173.8577, 22.1662, 15.76611, 130.7396, 11.1882, 6
4.835577, 64.5885, 52.12743, 47.89632, 49.56519, 45.91723, 11.68995, 6.313295, 6.565606, 6.829552, 15.46544, 29.89695, 171.4459, 173.9427, 23.01252, 15.98015, 130.3786, 11.25312, 6
4.508064, 64.82436, 52.14808, 47.50529, 49.07742, 46.31711, 11.97112, 6.501075, 6.597101, 6.589814, 15.03861, 29.36727, 171.6814, 174.1218, 22.86941, 16.27597, 131.0323, 11.17468, 6
4.249205, 65.04485, 51.03308, 45.95255, 46.90443, 46.99142, 12.6307, 6.742703, 7.140508, 6.757869, 16.20036, 30.54645, 171.1857, 173.6416, 22.91802, 16.01063, 130.5387, 11.17426, 6
4.649958, 65.67661, 51.48755, 46.40519, 46.9809, 47.55161, 12.95013, 6.850169, 7.356101, 6.995716, 17.01188, 31.36737, 171.041, 173.5173, 22.63849, 15.75675, 130.3388, 11.16518, 6
53.65337, 152.2675, 150.4305, 151.2698, 152.7212, 146.7398, 0.3102743, 9.481454, 9.753142, 84.82076, 35.43851, 36.41007, 36.11496, 38.18198, 26.4171, 8.020397, 7.494309, 9.158669, 7
51.15653, 155.9492, 152.6977, 153.2297, 154.6766, 142.4604, 2.222551, 9.254401, 9.733488, 87.44945, 37.83348, 37.25135, 35.21958, 37.24884, 25.29609, 8.032651, 7.229249, 9.024388, 7
51.14149, 151.9423, 148.9366, 150.2985, 151.9478, 145.173, 0.4584225, 9.021927, 8.658141, 96.4498, 37.71399, 38.33244, 37.21689, 38.32679, 28.36426, 7.772511, 7.164425, 8.602543, 7
50.47627, 148.1902, 145.6182, 147.557, 149.6161, 148.4819, 1.239542, 8.419722, 7.957245, 94.90874, 31.76647, 33.78181, 28.08103, 28.65937, 34.35519, 7.368147, 7.534447, 8.844978, 7
59.73296, 149.132, 147.7794, 149.3386, 151.0431, 144.7946, 1.604497, 8.285554, 9.356118, 117.3318, 36.98448, 35.75307, 29.63347, 30.77845, 28.57449, 7.822176, 7.639848, 8.870927, 7
63.06514, 145.5852, 145.0295, 146.5928, 148.1659, 147.7906, 2.315875, 8.421494, 8.627553, 97.26589, 30.27275, 28.85084, 23.94496, 25.48315, 38.36673, 7.581055, 7.676955, 9.316269, 7
64.61069, 145.0891, 144.0325, 146.3301, 147.9908, 147.8714, 2.654169, 8.04425, 8.647791, 110.5484, 41.11585, 41.32914, 35.61657, 36.12807, 30.32771, 7.281655, 7.321344, 9.155406, 7
62.38241, 145.3495, 144.2901, 146.6044, 148.4695, 147.473, 2.590197, 7.663803, 9.550819, 101.8826, 30.18505, 31.95024, 29.90944, 31.84708, 38.21917, 7.379695, 6.70262, 8.65914, 7
63.66166, 142.1727, 143.056, 145.1995, 147.4667, 148.9838, 2.906633, 7.741719, 8.324636, 91.76152, 30.36841, 22.76669, 21.73821, 27.60665, 44.65823, 10.22187, 8.135908, 10.15749, 7
63.197, 144.5492, 144.6681, 146.3916, 148.4252, 147.6091, 2.66146, 8.267524, 8.770799, 88.7831, 31.70558, 21.40194, 15.99768, 19.32791, 41.27414, 10.59686, 9.128323, 11.2883, 7
59.39323, 144.2597, 140.9256, 142.6466, 144.5624, 153.5007, 1.031355, 7.078395, 6.139737, 77.29181, 24.71751, 28.53761, 24.5653, 28.82091, 35.73632, 7.170857, 9.583408, 7.559124, 7
60.59608, 141.4288, 138.7617, 141.6875, 143.8498, 158.2201, 1.784106, 7.388278, 6.257458, 78.60351, 27.85189, 28.39565, 24.14149, 28.43845, 35.14808, 7.809569, 9.146173, 8.163611, 7
60.52664, 142.8623, 139.8508, 142.6906, 144.5944, 157.9642, 1.381685, 7.813263, 6.964157, 80.15247, 27.73957, 28.68386, 24.63117, 29.35991, 34.82183, 8.235042, 9.143831, 7.941046, 7
60.62049, 141.6974, 138.6655, 141.6416, 143.8434, 157.1301, 1.245212, 7.342271, 6.364856, 84.35904, 35.52082, 42.11673, 38.25482, 42.51478, 31.47584, 7.869684, 8.59473, 7.135259, 7
59.81884, 142.3551, 139.4035, 142.3599, 144.3976, 156.6103, 0.9877435, 7.388703, 6.517944, 85.03649, 37.80456, 41.46188, 35.82101, 39.19081, 30.47533, 8.141069, 9.256589, 8.477021, 7
59.82847, 142.7711, 139.6551, 142.384, 144.3624, 157.0729, 1.162138, 7.509925, 6.331963, 83.6019, 36.02711, 35.74811, 30.04655, 34.01053, 29.20219, 8.992348, 9.730033, 8.879206, 7
60.21914, 143.4837, 140.5935, 143.2151, 145.0483, 156.567, 0.9468805, 7.511545, 6.354435, 86.42491, 36.99955, 37.5606, 32.83557, 37.71589, 29.43308, 9.068869, 9.430339, 8.712012, 7
59.80677, 144.0098, 140.7022, 143.3869, 145.284, 156.3345, 0.5308178, 7.895482, 6.938365, 88.85786, 43.37431, 41.84102, 38.81467, 43.91152, 29.33728, 9.646976, 8.844556, 8.986403, 7
60.07755, 143.6293, 140.536, 143.0436, 144.914, 156.0674, 0.8978747, 7.517134, 6.38712, 87.706, 42.72305, 42.54514, 38.66396, 43.99889, 28.72066, 9.230566, 8.867316, 8.62901, 7
60.15712, 143.7605, 140.3139, 142.9042, 144.9347, 156.665, 0.5093729, 7.768697, 6.896683, 82.6224, 36.03385, 40.83633, 36.28149, 42.45258, 29.95507, 8.626915, 9.094896, 7.072628, 7
8.804576, 64.40816, 53.60832, 46.67028, 47.10761, 34.17351, 10.77446, 8.722806, 9.675708, 94.2942, 32.53079, 33.39266, 29.13605, 31.68742, 28.44845, 8.600625, 9.298087, 10.2869, 8
9.050477, 65.0302, 53.86902, 46.95857, 47.38679, 34.5075, 11.15923, 8.727984, 9.684238, 93.99621, 31.79201, 32.42285, 28.29787, 30.88408, 29.22574, 8.664854, 9.265713, 10.29107, 8
9.024213, 63.8636, 53.29112, 46.54621, 47.12426, 33.73571, 10.64061, 8.630739, 9.580331, 94.68633, 32.20949, 32.70558, 28.81409, 31.43906, 28.96277, 8.729582, 9.168897, 10.25052, 8
8.526593, 63.65042, 53.46827, 46.75172, 47.23211, 33.98396, 10.42481, 8.556002, 9.545157, 93.8168, 33.12473, 34.98661, 29.92884, 31.42441, 29.77174, 8.188394, 9.252999, 10.50079, 8
8.095581, 63.34274, 53.35617, 47.03282, 47.74508, 33.99897, 10.33333, 8.375783, 9.368211, 91.43237, 31.82088, 33.8013, 30.42883, 31.71872, 30.9625, 8.256877, 8.778992, 10.10466, 8
8.909356, 63.40789, 52.74621, 45.93196, 46.72987, 33.79527, 10.85088, 8.696058, 9.514237, 95.40582, 32.77517, 34.63914, 29.47854, 30.2437, 29.87379, 8.388317, 9.304257, 10.93944, 8
9.246328, 63.52267, 52.78275, 46.12335, 46.87263, 33.31757, 10.77762, 8.676068, 9.53568, 97.43053, 35.22907, 36.39514, 30.68734, 31.59132, 29.33773, 8.648291, 9.538566, 11.09194, 8
8.550973, 64.6039, 53.39771, 46.78418, 47.69721, 34.27515, 11.29316, 8.555451, 9.427961, 95.97721, 34.05363, 35.30053, 29.86319, 30.80299, 30.15973, 8.554877, 9.425919, 11.007, 8
9.045896, 65.30558, 54.40463, 47.58322, 48.36113, 34.29464, 10.93774, 8.700733, 9.468655, 94.97353, 33.37212, 34.97549, 29.57564, 30.37066, 30.37616, 8.437173, 9.443419, 11.04405, 8
8.968764, 64.81905, 53.85033, 47.39305, 48.26387, 34.24452, 11.03542, 8.531106, 9.488232, 94.82352, 32.21236, 33.89235, 29.17682, 30.50175, 30.39193, 8.440245, 9.254444, 11.00537, 8
15.48902, 59.94971, 58.50105, 55.7792, 58.82809, 27.77835, 3.926553, 4.867276, 3.611945, 72.34317, 16.83811, 16.34059, 17.87536, 23.01468, 22.77616, 2.056808, 2.274086, 2.384991, 8
15.05871, 61.05857, 59.10951, 56.8985, 60.2937, 28.58265, 4.31048, 4.706777, 3.330666, 73.38916, 16.7858, 16.64382, 18.32791, 23.14207, 22.66631, 2.377676, 2.337159, 2.464739, 8
16.78114, 60.62886, 59.04377, 56.14331, 59.11584, 28.62901, 4.171572, 4.850019, 3.56046, 73.1992, 17.30543, 16.6717, 17.96983, 22.69002, 22.80102, 1.977145, 2.264772, 2.572301, 8
16.21479, 60.33682, 59.77964, 56.98203, 59.6835, 28.70303, 3.795605, 4.571232, 3.587414, 71.4331, 17.88651, 17.89451, 19.57522, 24.7073, 22.55414, 2.598496, 2.435582, 2.191692, 8
14.9594, 62.57669, 60.4785, 58.36004, 61.2441, 30.03822, 4.577399, 4.307299, 3.391479, 68.29561, 21.48023, 25.65498, 26.80194, 32.35308, 22.38988, 4.805219, 2.279502, 1.887304, 8
13.2144, 60.19631, 58.22495, 56.48454, 60.08827, 29.72583, 4.225866, 4.522596, 3.310797, 68.49236, 20.76703, 24.86979, 25.87035, 31.46706, 23.32067, 4.482924, 2.371081, 1.918263, 8
11.54837, 62.30409, 59.57142, 58.07992, 61.01098, 32.84202, 4.906243, 4.248652, 3.480147, 71.10936, 20.22636, 22.13013, 23.96724, 28.828, 21.11393, 3.347962, 2.237297, 2.18086, 8
12.33799, 61.7334, 59.9324, 58.49887, 60.46129, 33.29598, 4.471462, 4.132944, 4.050622, 66.31496, 26.0394, 33.93283, 32.5948, 37.26947, 22.60986, 6.423823, 3.207905, 2.27933, 8
12.83047, 61.17551, 59.2914, 57.53802, 59.91648, 32.34203, 4.529996, 4.304433, 3.680892, 71.83322, 22.31661, 23.45079, 25.77843, 32.10572, 21.61969, 1.992036, 2.717574, 0.3615361, 8
11.87365, 61.83759, 60.1474, 59.02882, 61.17072, 32.60411, 4.499192, 4.028662, 3.842673, 68.57761, 26.37974, 29.01865, 28.57054, 33.25295, 19.26836, 2.601432, 2.887579, 1.706168, 8
55.99608, 148.5702, 146.8963, 147.5898, 149.1625, 146.1431, 1.482793, 7.654296, 7.278179, 16.40142, 42.78115, 40.53457, 43.246, 45.82563, 28.88258, 3.697028, 6.619802, 6.814573, 9
55.81467, 148.8024, 146.5956, 147.1244, 148.9403, 145.8472, 2.327929, 7.704642, 7.202387, 19.41593, 47.78938, 50.13888, 53.29647, 52.13783, 29.57122, 3.155667, 6.312612, 6.523057, 9
56.69186, 148.259, 146.4786, 147.0998, 148.859, 146.3321, 1.750554, 7.719275, 7.619966, 22.16298, 53.8668, 55.06363, 56.03172, 54.3947, 31.12811, 2.306135, 5.589984, 6.821937, 9
57.72533, 147.9582, 146.2924, 147.034, 148.9994, 146.7201, 1.26393, 7.794097, 7.75689, 21.71735, 49.55529, 49.66507, 52.95833, 52.7915, 29.52301, 3.468143, 6.404472, 6.709287, 9
57.76125, 147.9278, 146.1685, 146.9108, 149.0298, 146.6209, 1.454411, 7.893095, 7.719733, 20.97545, 49.49622, 49.45752, 51.61346, 50.62371, 30.36904, 3.216133, 5.92695, 6.633416, 9
57.6856, 147.8159, 145.3525, 146.4423, 148.5992, 146.7878, 1.76824, 7.576187, 7.504854, 17.47659, 44.09412, 42.86, 44.15026, 42.88122, 31.96641, 3.958887, 5.761365, 6.764802, 9
56.95811, 148.0969, 146.4836, 147.433, 149.4562, 146.3204, 1.127959, 7.653707, 7.463112, 18.44281, 43.28966, 40.53199, 42.93314, 42.16205, 32.67793, 4.737516, 6.006878, 6.385953, 9
56.214, 150.0531, 147.6421, 148.2319, 149.9194, 144.7453, 1.757917, 7.737789, 7.738321, 20.86605, 41.591, 38.31889, 41.37158, 40.59325, 31.69994, 5.205373, 6.219494, 6.190331, 9
57.26216, 149.5191, 146.882, 147.5799, 149.6171, 144.0143, 2.405989, 7.791201, 7.578698, 23.32877, 33.4678, 29.00461, 32.89768, 34.58908, 28.37117, 5.180281, 5.910954, 3.278053, 9
57.40044, 148.7366, 146.6209, 147.4237, 149.2642, 145.628, 1.750889, 7.46603, 7.696614, 26.95116, 29.41306, 21.60202, 23.72384, 33.6549, 29.82391, 5.998322, 4.978348, 5.320492, 9
55.45359, 139.9699, 142.8267, 144.1928, 146.5506, 150.4141, 0.6923862, 8.83231, 5.865547, 26.32446, 61.02286, 65.86797, 65.94949, 66.33424, 31.86808, 1.990266, 4.374302, 4.476453, 9
55.36879, 140.28, 143.3316, 144.4479, 146.3622, 150.8528, 0.9663135, 9.29572, 6.611146, 25.48233, 57.28613, 62.53023, 62.92091, 64.09853, 29.27752, 2.579671, 4.6643, 4.749699, 9
56.16676, 139.3856, 142.3342, 143.5135, 145.578, 151.4869, 0.9102122, 9.190882, 6.53924, 26.54451, 55.73618, 63.52128, 63.81345, 65.24871, 26.98707, 4.4719, 4.711519, 4.567675, 9
56.57273, 138.9434, 141.7601, 142.9454, 145.16, 152.143, 1.099495, 9.266053, 6.544516, 27.34157, 55.3582, 63.64164, 64.0397, 65.16493, 25.69877, 4.700821, 4.820117, 4.68291, 9
56.63988, 139.6606, 142.4464, 143.1841, 145.4673, 150.6016, 0.8042992, 9.332098, 6.788823, 26.92951, 54.81328, 63.34985, 63.99443, 64.99872, 25.04825, 5.142661, 4.927401, 4.875681, 9
55.83185, 140.1947, 143.0297, 143.9993, 146.2874, 151.1526, 1.341442, 9.188679, 5.936136, 31.00768, 54.29465, 61.1516, 61.95214, 62.78493, 24.4152, 3.776157, 4.919243, 5.011375, 9
58.14306, 138.3946, 142.3362, 142.8592, 144.7378, 152.0458, 0.8437192, 9.653596, 7.177584, 33.30013, 58.48606, 64.18769, 64.52985, 64.5258, 25.4308, 2.657412, 4.881744, 4.816173, 9
57.56725, 139.5491, 143.5412, 143.9252, 146.1372, 150.2989, 0.7129927, 9.103103, 6.738979, 33.88502, 57.44776, 63.3665, 63.00891, 63.11617, 25.65461, 2.779744, 4.842216, 5.063337, 9
57.90236, 140.0572, 143.6931, 144.5619, 146.4872, 150.1575, 0.7268544, 8.494587, 6.722779, 32.65607, 59.67822, 65.66904, 64.77644, 65.71148, 26.28744, 2.970979, 4.903447, 4.798405, 9
57.98844, 139.7692, 143.4936, 144.0601, 146.16, 150.9601, 0.5834977, 8.979185, 6.820873, 28.62304, 57.51861, 63.53731, 63.10381, 64.36632, 25.64463, 3.158395, 5.010163, 4.934235, 9
14.13431, 78.49894, 76.51654, 70.97844, 68.70749, 45.43882, 5.255348, 5.236598, 5.518853, 17.77662, 39.19091, 45.26717, 49.3746, 50.39306, 20.6085, 5.125029, 6.013304, 5.999008, 10
13.40846, 77.56376, 73.87916, 69.60292, 69.1208, 44.37563, 6.032832, 4.465194, 3.701475, 16.64799, 29.10796, 36.63863, 47.83656, 48.15641, 20.13177, 10.31923, 7.83609, 6.663208, 10
11.1593, 77.87758, 71.98882, 67.80451, 68.67375, 44.17397, 7.200916, 4.437296, 2.702188, 17.37794, 31.09437, 38.20237, 49.82893, 48.1863, 20.79048, 10.6027, 7.252335, 7.481757, 10
11.85097, 77.42088, 72.1176, 67.94434, 68.43279, 44.6024, 6.809391, 4.459751, 3.286344, 16.39527, 34.7676, 39.76571, 47.46584, 47.21775, 20.30338, 6.615624, 6.753892, 7.003367, 10
11.30873, 77.73486, 72.99292, 68.64564, 68.964, 45.20149, 6.761612, 4.39739, 3.32054, 18.60589, 36.37884, 41.69337, 47.42056, 48.69862, 19.62696, 5.607766, 6.604261, 6.375136, 10
10.70092, 76.90622, 72.561, 69.2057, 70.11259, 42.92909, 5.957299, 3.798648, 2.706965, 14.10995, 34.14985, 40.04576, 44.68325, 46.51143, 21.38132, 4.110612, 6.838678, 5.881933, 10
8.543139, 68.20691, 66.40125, 63.2532, 64.3483, 37.02436, 3.059599, 4.506282, 2.754063, 15.64699, 33.78239, 38.31157, 42.03102, 43.76937, 20.2534, 4.512494, 7.101444, 6.78891, 10
9.810451, 60.88702, 63.15894, 59.69171, 61.79618, 28.84562, 1.582885, 5.07165, 3.237428, 20.72408, 41.22707, 44.23812, 46.78759, 47.25238, 17.68995, 7.023756, 6.778935, 7.675292, 10
9.547937, 61.53694, 63.33623, 59.6235, 61.05684, 29.89616, 1.695698, 5.227122, 3.76161, 19.05742, 41.13842, 43.16796, 46.32123, 47.95026, 20.7675, 6.078155, 7.039796, 7.342245, 10
8.749316, 60.94626, 61.05742, 58.32751, 60.82704, 29.42291, 2.148947, 5.400693, 4.270493, 18.36267, 35.44028, 37.72854, 41.83911, 43.60217, 22.02418, 5.92781, 7.878084, 7.926275, 10
14.10652, 72.52171, 59.76879, 51.5351, 51.88697, 44.23874, 11.47785, 9.205026, 8.519403, 31.62145, 44.35896, 45.13459, 42.41001, 40.8364, 29.95927, 8.895696, 8.20339, 9.326579, 10
13.27899, 76.36037, 61.44353, 52.34106, 53.49749, 48.11792, 13.99504, 9.56236, 7.85183, 24.73544, 39.72386, 39.15705, 41.4996, 40.42261, 31.73208, 7.930162, 7.510108, 8.385344, 10
18.12623, 71.91306, 61.3432, 54.07348, 54.09934, 43.16243, 10.28581, 7.817558, 6.95353, 15.32425, 36.96284, 36.91231, 39.10295, 39.52889, 34.10626, 7.38145, 7.393588, 7.604187, 10
16.60369, 67.39932, 62.94123, 57.84658, 57.29892, 40.2484, 6.451571, 6.919767, 7.038431, 17.09799, 39.77229, 38.39099, 38.51109, 38.48579, 37.28303, 5.42885, 6.177015, 6.458558, 10
17.9887, 67.24745, 62.89143, 57.0615, 55.85307, 40.10591, 6.50608, 7.109754, 7.035113, 17.81229, 37.62489, 36.47607, 37.74018, 38.29089, 36.14339, 4.397034, 5.506482, 4.988373, 10
19.84007, 66.65199, 63.56153, 58.4238, 56.12053, 39.70785, 5.298201, 6.355206, 7.013806, 19.15955, 32.99721, 31.63111, 32.97208, 34.03432, 34.04124, 3.896164, 5.132288, 4.158123, 10
22.04944, 67.21406, 66.07728, 62.16481, 59.29342, 38.92099, 3.861989, 5.613215, 6.573099, 18.46879, 34.2085, 32.85849, 33.93839, 35.26957, 34.93826, 3.159387, 4.719702, 3.529641, 10
22.40561, 66.34091, 64.51293, 60.7498, 58.20827, 37.00818, 4.479471, 5.643267, 6.182503, 21.04212, 34.69419, 31.64623, 31.91385, 33.32166, 37.62685, 2.223079, 2.135517, 2.198913, 10
23.98546, 63.74329, 62.72779, 59.90198, 57.99145, 35.51697, 3.5262, 4.997908, 5.263768, 24.3322, 33.8037, 29.86125, 29.46474, 31.33993, 36.36294, 2.639972, 1.096644, 1.935428, 10
29.75292, 63.488, 62.73349, 59.86429, 58.56754, 36.56273, 3.326372, 4.704071, 4.519737, 24.80597, 33.04332, 29.83589, 29.86121, 31.32008, 35.01066, 2.087692, 1.709148, 2.355428, 10
56.11613, 147.6875, 148.8466, 149.662, 151.7099, 146.4142, 0.5192646, 7.919015, 7.40854, 9.756972, 157.1032, 156.2127, 157.4892, 40.53719, 147.222, 9.849537, 10.60673, 131.1976, 11
55.52034, 148.0855, 147.1862, 149.56, 151.5874, 150.5343, 1.587946, 8.176276, 9.211705, 12.24192, 156.7612, 156.4336, 157.8124, 33.78966, 148.8982, 9.738294, 11.26979, 133.6816, 11
57.19417, 142.5101, 144.8749, 146.7922, 149.3782, 148.2704, 2.390483, 7.236872, 7.109561, 13.44531, 157.166, 157.2478, 158.795, 31.28179, 148.0805, 9.736396, 11.31773, 135.3623, 11
56.75797, 147.7194, 146.809, 148.476, 150.4264, 150.1073, 1.83088, 8.115394, 8.846354, 14.06198, 159.7493, 160.0006, 161.2135, 24.0264, 147.7576, 10.29778, 11.58215, 136.1, 11
57.78271, 143.3944, 145.5831, 146.9619, 149.2462, 147.6194, 0.9869508, 7.491376, 7.008183, 11.58646, 158.6795, 159.0696, 160.5182, 34.56025, 149.1411, 9.424896, 11.90963, 136.8819, 11
59.60064, 141.3587, 144.1954, 145.9588, 148.4526, 148.901, 2.063174, 7.352499, 6.831246, 11.82565, 157.7663, 158.366, 160.3444, 31.50872, 149.6501, 9.002611, 12.15331, 136.1397, 11
60.2396, 140.3154, 143.0308, 144.7, 147.1169, 150.7343, 2.685913, 7.291537, 6.467993, 14.58864, 158.6487, 159.6756, 161.6628, 30.02306, 148.5877, 9.291744, 11.86256, 137.9467, 11
61.13267, 139.9049, 142.0951, 143.6343, 146.2122, 151.4852, 2.186327, 7.539368, 6.996221, 13.73011, 158.1583, 158.8585, 161.0011, 32.40089, 149.2352, 9.529307, 12.40461, 136.4305, 11
60.56242, 140.3056, 142.8616, 144.4586, 147.1513, 150.4441, 1.848644, 7.672223, 7.184496, 13.41539, 158.2952, 158.1826, 160.4703, 33.46456, 149.268, 9.389189, 12.24551, 138.4394, 11
60.76784, 139.4134, 143.0184, 144.7299, 147.4449, 149.5097, 1.703413, 7.628151, 7.120176, 11.14127, 158.6552, 159.0278, 161.2329, 33.95734, 149.4923, 9.526667, 11.88246, 138.7767, 11
62.2275, 143.3001, 143.2964, 142.8795, 144.9206, 153.6311, 3.946353, 9.676928, 10.72871, 3.008237, 155.3384, 159.3374, 159.5144, 58.43225, 146.961, 8.35247, 12.67034, 119.4848, 11
62.17001, 143.7142, 143.5253, 143.1476, 145.1362, 153.2644, 3.986786, 9.720369, 10.77727, 1.655522, 155.8213, 158.8162, 159.4107, 56.90332, 147.3112, 8.518366, 12.75408, 120.5741, 11
62.61979, 143.3185, 143.7986, 143.4586, 145.5528, 153.53, 3.797565, 9.698339, 10.86924, 1.587576, 155.6151, 158.6143, 159.0984, 56.83076, 147.8896, 8.265338, 12.66221, 120.4351, 11
60.31519, 142.3992, 143.8017, 143.4275, 145.8097, 152.1108, 3.647816, 9.336668, 10.03329, 1.206096, 154.7315, 157.9286, 158.4356, 56.81086, 147.8183, 7.770264, 12.49261, 120.8923, 11
60.01894, 143.2753, 144.8214, 144.4113, 146.6785, 151.0005, 3.147342, 9.265141, 9.780884, 1.913973, 154.1764, 156.9566, 158.0026, 56.44071, 149.0899, 7.344034, 12.5599, 122.3171, 11
59.58009, 143.5839, 145.026, 144.5153, 146.7995, 151.041, 2.56674, 9.448247, 10.16715, 0.8827091, 153.8994, 157.0325, 157.9402, 56.92914, 148.987, 7.472755, 12.66269, 121.334, 11
60.13451, 143.1868, 145.4251, 144.6499, 147.1877, 150.2069, 2.41054, 9.213305, 10.03572, 1.344503, 154.279, 157.3963, 158.692, 55.4684, 149.3148, 7.763087, 12.79993, 122.0406, 11
60.53566, 144.6638, 145.9166, 144.9259, 147.2123, 149.647, 1.940881, 9.288191, 9.901469, 0.268341, 153.5917, 157.2459, 158.6558, 55.38597, 149.8314, 7.393721, 12.41452, 121.9812, 11
61.2137, 141.7924, 144.0301, 143.422, 145.9251, 151.2116, 3.121172, 9.047176, 9.463504, 1.074836, 153.601, 156.3922, 157.737, 59.07756, 150.7227, 7.083244, 12.54373, 120.5569, 11
60.88115, 142.844, 144.5106, 143.7216, 146.168, 150.5399, 3.015192, 9.019116, 9.329592, 6.600904, 153.4062, 155.138, 156.8658, 59.41629, 151.7047, 6.920759, 12.85194, 121.2371, 11
